,Year,mesatop_arable_area_1,mesatop_cal_produced_1,drainage_arable_area_1,drainage_cal_produced_1,total_arable_area_1,total_cal_produced_1,cal_per_mt_1,cal_per_drainage_1,cal_per_ha_1,pop_1,pop_cal_needs_1,cal_difference_with_seed_1
1,700,76.73729249,153612619.9,3.389133544,5179006.189,80.12642603,158791626.1,1983240,1538250,1962316.861,64,33447232,85646487.54
2,701,74.72016465,145260022.3,3.31362561,5911935.451,78.03379026,151171957.8,1924685,1746535,1923809.124,64,33447232,79931736.33
3,702,74.25133763,211244151.6,3.420832215,5386747.025,77.67216984,216630898.6,2741025,1599815,2696672.986,65,33969845,128503329
4,703,72.09845592,155062112.8,3.382598449,7156884.898,75.48105437,162218997.7,1995840,2120650,2008784.111,65,33969845,87694403.28
5,704,0,0,0,0,0,0,0,0,0,65,33969845,-33969845
6,705,73.16027552,146396341.9,3.303467968,5841043.365,76.46374349,152237385.2,1984010,1758715,1980454.14,65,33969845,80208193.92
7,706,71.67436977,112648330.8,0.962377357,2004339.088,72.63674713,114652669.9,1650950,2068885,1656580.427,65,33969845,52019657.43
8,707,74.46209635,177501878.5,3.355321803,6067039.613,77.81741815,183568918.1,2432990,1838445,2391632.945,65,33969845,103706843.6
9,708,71.38846126,202058252.3,3.377694383,6418749.609,74.76615565,208477001.9,2857260,1925175,2813086.853,65,33969845,122387906.4
10,709,76.3326897,165642822.6,3.425741111,7544835.514,79.75843082,173187658.1,2133040,2207485,2146742.046,65,33969845,95920898.61
11,710,72.67884845,139946499.5,3.355840738,7785551.371,76.03468918,147732050.8,1967490,2358440,1978207.559,65,33969845,76829193.12
12,711,75.2766989,175727319.1,3.387414165,6994324.334,78.66411306,182721643.4,2278955,2057125,2275341.237,65,33969845,103071387.6
13,712,73.27104252,176500219.7,3.406837978,6560288.486,76.6778805,183060508.2,2308425,1914115,2294723.861,65,33969845,103325536.1
14,713,73.40189046,176619182.9,3.396506441,6092315.45,76.7983969,182711498.3,2340485,1768340,2315015.995,65,33969845,103063778.8
15,714,75.40773768,182480767.1,3.377888601,6232832.237,78.78562628,188713599.4,2401525,1886220,2378193.755,65,33969845,107565354.5
16,715,74.36439433,139292015.1,3.403029993,6605813.689,77.76742433,145897828.8,1960140,1942955,1962416.865,65,33969845,75453526.58
17,716,77.01835568,193569012.7,3.432783833,5760754.028,80.45113951,199329766.7,2446815,1690675,2417916.564,65,33969845,115527480.1
18,717,73.27737995,159691747.8,3.404304176,5425216.208,76.68168413,165116964,2189285,1594495,2163180.442,65,33969845,89867878.01
19,718,76.65063702,207286500.4,3.411546111,6655539.536,80.06218314,213942040,2612680,2004590,2594233.98,65,33969845,126486685
20,719,71.38613401,143302619.4,3.343618431,7045808.427,74.72975244,150348427.8,2116100,2059190,2109246.964,65,33969845,78791475.86
21,720,71.21117563,143930343.3,3.284717752,6372687.078,74.49589339,150303030.4,2031155,1938300,2020675.033,65,33969845,78757427.8
22,721,76.5069739,146051814.4,3.373126275,6761055.303,79.88010018,152812869.7,1908550,2015895,1915132.676,65,33969845,80639807.31
23,722,73.95514928,127350774.1,3.447266747,5902824.173,77.40241603,133253598.2,1829905,1681925,1815170.897,65,33969845,65970353.68
24,723,75.76874116,131686746,3.447504317,5623878.134,79.21624548,137310624.1,1645630,1590610,1652148.781,65,33969845,69013123.11
25,724,75.17269685,164244423.7,3.26656332,6077988.443,78.43926017,170322412.1,2303385,1845865,2276488.708,65,33969845,93771964.09
26,725,74.86081898,166500106.7,3.215941845,7309874.109,78.07676083,173809980.8,2148650,2262785,2158698.264,65,33969845,96387640.6
27,726,63.19148103,156727369.4,2.633283533,5271337.566,65.82476456,161998706.9,2505300,2012010,2483285.429,65,33969845,87529185.2
28,727,63.50945871,89547543.72,2.617070397,4640406.071,66.12652911,94187949.79,1545635,1719655,1554169.067,65,33969845,36671117.34
29,728,72.89825334,181534077.4,3.196471678,6439370.03,76.09472502,187973447.4,2449545,2004450,2438990.044,66,34492458,106487627.6
30,729,74.03402966,141945040.4,3.339213053,5607479.082,77.37324272,147552519.5,1876105,1683710,1871810.062,66,34492458,76171931.6
31,730,73.45568715,125974849.7,3.42415274,7193239.129,76.87983989,133168088.8,1802605,2109975,1810268.28,66,34492458,65383608.62
32,731,73.30370838,154198511.8,3.41703609,5962282.652,76.72074447,160160794.4,2027900,1721790,2020159.576,66,34492458,85628137.81
33,732,75.78638942,151608014.5,3.413706249,7074330.751,79.20009567,158682345.2,1946280,2109345,1960665.202,66,34492458,84519300.91
34,733,73.84913943,121801611.7,3.229715575,6669120.179,77.07885501,128470731.9,1627395,2046800,1647481.9,66,34492458,61860590.9
35,734,61.66212252,116877975.9,0.703952198,1293629.37,62.36607472,118171605.3,1952020,1827525,1950816.247,66,34492458,54136245.97
36,735,74.97814662,149811775.3,3.391830481,5970251.183,78.3699771,155782026.5,2074100,1786680,2052722.454,66,34492458,82344061.88
37,736,73.43070604,162565793.8,0.971047523,1857258.065,74.40175356,164423051.8,2108715,1919645,2106788.59,66,34492458,88824830.87
38,737,74.72090463,172281214.1,3.398823424,6110452.109,78.11972805,178391666.2,2174025,1803445,2169125.539,66,34492458,99301291.62
39,738,0,0,0,0,0,0,0,0,0,66,34492458,-34492458
40,739,74.19391985,170440513.2,3.370937792,6782138.034,77.56485764,177222651.3,2242800,2069690,2232936.826,66,34492458,98424530.45
41,740,74.60530441,134367140.3,3.396128793,6294699.401,78.00143321,140661839.7,1617595,1855350,1634031.546,66,34492458,71003921.75
42,741,79.63428023,174281100.5,3.334883684,6004180.992,82.96916391,180285281.5,2186800,1804985,2170278.472,66,34492458,100721503.1
43,742,75.05718532,147521775.8,0.964821451,1675970.353,76.02200677,149197746.2,1810550,1755775,1811773.283,66,34492458,77405851.64
44,743,62.57843529,135572714.4,0.12951281,265059.6266,62.7079481,135837774,2202235,2079945,2201974.77,66,34492458,67385872.5
45,744,75.44363075,195365214.5,0.948340917,1844420.221,76.39197167,197209634.7,2573375,1951635,2564663.4,66,34492458,113414768
46,745,76.02620059,152878709,3.314833124,5900711.206,79.34103371,158779420.2,2056985,1809150,2044489.69,66,34492458,84592107.16
47,746,75.75381802,122304146.8,3.427170686,6822631.198,79.18098871,129126778,1585150,1986425,1605698.815,66,34492458,62352625.51
48,747,75.62139194,166932602.4,3.424981871,6542687.638,79.04637381,173475290,2215500,1917930,2201518.868,66,34492458,95614009.52
49,748,75.87671407,168505571.5,0.967482548,2001543.011,76.84419662,170507114.5,2148475,2093315,2149566.323,66,34492458,93387877.88
50,749,73.44274114,153603490,0.951272427,1823296.975,74.39401357,155426787,2087645,1913975,2084656.704,66,34492458,82077632.25
51,750,0,0,0,0,0,0,0,0,0,66,34492458,-34492458
52,751,0,0,0,0,0,0,0,0,0,66,34492458,-34492458
53,752,73.82955883,177082320.8,0.972201502,2136398.575,74.80176033,179218719.4,2394910,2238705,2391436.012,66,34492458,99921581.52
54,753,74.29292124,110889346,0.965778585,1700254.432,75.25869983,112589600.5,1445850,1775060,1452387.58,66,34492458,49949742.35
55,754,75.1482182,136492546.4,3.323927285,6904101.355,78.47214549,143396647.8,1900885,2077565,1904913.452,66,34492458,73055027.82
56,755,70.83191149,156430983.1,3.358772767,6637432.313,74.19068426,163068415.4,2269610,1976835,2254208.538,66,34492458,87808853.53
57,756,76.37646668,172608067.9,3.411575163,5326690.483,79.78804185,177934758.4,2207030,1572375,2184110.609,66,34492458,98958610.78
58,757,73.52749106,215136221.5,3.35139317,6671304.017,76.87888423,221807525.5,2828420,1969765,2793412.169,66,34492458,131863186.1
59,758,75.59829578,150523761.8,3.431948547,6862153.734,79.03024433,157385915.5,1932980,1978410,1942075.128,66,34492458,83546978.63
60,759,61.46346186,176885241.8,2.616253309,4639478.534,64.07971517,181524720.3,2877350,1795745,2833918.403,66,34492458,101651082.2
61,760,74.91372256,158029629.2,3.180339535,5881308.438,78.0940621,163910937.6,2264185,1833335,2239095.599,66,34492458,88440745.22
62,761,0,0,0,0,0,0,0,0,0,67,35015071,-35015071
63,762,76.94342983,170438297.5,3.357897552,7089216.125,80.30132738,177527513.6,2146935,2119110,2148016.961,67,35015071,98130564.19
64,763,74.76009725,195005899.5,3.320043546,6089218.822,78.0801408,201095118.3,2618455,1863365,2585875.912,67,35015071,115806267.7
65,764,72.34438916,141788436.1,3.358339766,7780173.11,75.70272893,149568609.2,2028040,2298205,2044279.925,67,35015071,77161385.88
66,765,72.17246902,173393815.1,3.308796097,7192184.955,75.48126512,180586000.1,2237200,2194500,2242553.452,67,35015071,100424429.1
67,766,76.03356278,157559112.1,3.413679057,5895631.642,79.44724184,163454743.7,2007110,1735300,1996731.043,67,35015071,87575986.78
68,767,76.27939533,154073727.7,0.966367952,1880076.349,77.24576329,155953804.1,2048830,1966580,2048205.062,67,35015071,81950282.06
69,768,72.89418992,165127509.6,3.2707104,6189974.892,76.16490032,171317484.5,2311470,1895005,2291802.081,67,35015071,93473042.35
70,769,75.5868502,116922206.1,0.970605746,1729562.616,76.55745594,118651768.7,1625435,1755565,1626932.233,67,35015071,53973755.52
71,770,76.38854304,162366521.5,0.964737763,1717732.373,77.3532808,164084253.9,2009595,1731730,2008067.693,67,35015071,88048119.41
72,771,76.01674597,161679332.1,3.508653019,6263975.761,79.52539899,167943307.8,2270450,1837500,2243380.144,67,35015071,90942409.86
73,772,77.65348419,185961770.2,3.450995551,5279147.787,81.10447974,191240918,2364040,1535135,2326423.1,67,35015071,108415617.5
74,773,77.43064846,216370315.7,0.975363667,1665144.334,78.40601213,218035460,2794715,1696555,2781894.557,66,34492458,129034137
75,774,23.33941779,62482257.52,0.017172154,33942.41925,23.35658995,62516199.94,2471560,1981175,2471273.561,66,34492458,12394691.95
76,775,74.15458805,129490299.7,0.965218951,1976897.061,75.119807,131467196.8,1743140,2071195,1747784.467,65,33969845,64630552.6
77,776,76.08359114,135302599.2,0.976017313,2013448.988,77.05960845,137316048.2,1935570,2080925,1936045.089,65,33969845,69017191.14
78,777,74.07040635,171213777.4,0.977717815,1653241.673,75.04812416,172867019.1,2270695,1666980,2261953.871,64,33447232,96203032.33
79,778,49.94110315,77824393.11,0.510326893,1125891.607,50.45143005,78950284.72,1619695,2202620,1624939.204,64,33447232,25765481.54
80,779,0,0,0,0,0,0,0,0,0,63,32924619,-32924619
81,780,71.90768842,176389318.8,0.964404344,2110522.183,72.87209277,178499841,2481535,2205525,2477258.411,63,32924619,100950261.7
82,781,76.34759029,128546088.1,0.949816858,1717778.878,77.29740715,130263867,1780205,1796935,1779428.258,62,32402006,65295894.25
83,782,73.89777557,166810308.5,0.147249637,309150.9285,74.0450252,167119459.5,2308845,2106370,2308282.355,61,31879393,93460201.61
84,783,75.61102245,176459884.9,3.346640376,8026076.059,78.95766282,184485961,2244095,2312240,2258759.972,61,31879393,106485077.7
85,784,74.93405249,147698102.9,3.253378827,5231027.138,78.18743131,152929130,1957375,1634570,1943554.906,60,31356780,83340067.54
86,785,73.14674217,144865023.8,3.387251273,7647609.905,76.53399344,152512633.7,1907605,2254385,1930647.195,59,30834167,83550308.28
87,786,73.96556997,171121391.5,0.954036896,2052321.619,74.91960687,173173713.1,2384550,2146340,2378885.405,59,30834167,99046117.83
88,787,72.80382159,157769613.6,0.937142301,1597598.338,73.74096389,159367211.9,2125095,1700405,2121325.124,58,30311554,89213854.93
89,788,72.87682861,153728382.2,0.976855354,1978911.095,73.85368397,155707293.3,2023175,2014495,2024030.066,57,29788941,86991528.94
90,789,77.23063752,169399298.3,0.96296441,1833659.466,78.19360193,171232957.7,2209060,1892345,2204084.753,57,29788941,98635777.29
91,790,24.36464449,41214637.72,0.017190315,32512.9602,24.38183481,41247150.68,1707020,1876910,1707140.919,56,29266328,1669035.01
92,791,53.65063244,146178204.1,0.0702338,107764.6579,53.72086624,146285968.8,2694755,1556905,2693366.218,55,28743715,80970761.56
93,792,74.3518375,176920557.5,0.936448936,1799164.27,75.28828644,178719721.8,2509815,1950445,2501373.807,55,28743715,105296076.3
94,793,74.8868782,150496655,0.982175179,1920177.884,75.86905338,152416832.9,2042285,1911735,2041494.89,54,28221102,86091522.65
95,794,74.19083358,137290807.9,3.372934264,7270670.117,77.56376785,144561478,1885660,2173990,1896559.686,53,27698489,80722619.52
96,795,73.55935648,172536741.4,0.967640933,1927905.272,74.52699741,174464646.6,2296210,1982960,2292392.215,52,27175876,103672609
97,796,25.46900598,63874357.69,0.026587351,38084.44479,25.49559334,63912442.13,2580480,1406965,2579146.07,51,26653263,21281068.6
98,797,76.7414485,213108402,0.95643919,1708880.447,77.69788769,214817282.5,2931810,1790075,2914004.37,50,26130650,134982311.9
99,798,59.3869471,87912592.92,0.132227625,294270.306,59.51917472,88206863.22,1490475,2203355,1492046.495,49,25608037,40547110.42
100,799,80.47572595,234496953.9,0.15029317,258468.6376,80.62601912,234755422.5,2895375,1721510,2893261.28,48,25085424,150981142.9
101,800,78.89875877,218330794.5,3.376903219,5991989.657,82.27566199,224322784.1,2728600,1768550,2690145.379,47,24562811,143679277.1
102,801,77.04205007,138500937.5,0.948153491,1831612.767,77.99020356,140332550.3,1650075,1916775,1656478.702,46,24040198,81209214.74
103,802,78.87372634,179528441.6,0.954388551,1740439.948,79.82811489,181268881.5,2255330,1777230,2248493.611,45,23517585,112434076.1
104,803,77.65774214,139507190,3.366284166,6773421.952,81.02402631,146280611.9,1842225,2006270,1849713.146,44,22994972,86715486.94
105,804,25.79680998,51251984.57,0.026818699,47729.96058,25.82362868,51299714.53,2030875,1803900,2030515.359,43,22472359,16002426.9
106,805,75.4383421,152391994.4,0.972908453,1729728.512,76.41125056,154121723,2160550,1790670,2152892.762,42,21949746,93641546.22
107,806,80.55160861,149603802.4,0.992777681,1711755.43,81.54438629,151315557.8,1862140,1768060,1859469.149,41,21427133,92059535.38
108,807,81.07915049,186394504.9,3.372741697,6603429.354,84.45189218,192997934.3,2390080,1966510,2370979.984,40,20904520,123843930.7
109,808,0,0,0,0,0,0,0,0,0,39,20381907,-20381907
110,809,0,0,0,0,0,0,0,0,0,38,19859294,-19859294
111,810,0,0,0,0,0,0,0,0,0,38,19859294,-19859294
112,811,81.40235172,264989394.6,0.955700343,1730799.529,82.35805207,266720194.1,3047240,1837150,3036025.622,37,19336681,180703464.6
113,812,78.73746827,128181529.9,3.37991802,7716598.937,82.11738629,135898128.8,1664670,2319345,1686222.686,36,18814068,83109528.62
114,813,78.7908576,197702467.2,0.958244007,1897003.028,79.74910161,199599470.2,2493050,1996995,2486886.409,36,18814068,130885534.7
115,814,77.06844454,202321127.8,3.382899253,7171494.927,80.45134379,209492622.8,2482865,2129400,2474001.777,35,18291455,138828012.1
116,815,77.91305267,142581781.3,0.957471899,1977075.956,78.87052457,144558857.3,1902285,2036160,1904111.556,34,17768842,90650300.96
117,816,78.80899803,186214633.9,0.96658987,1886563.99,79.7755879,188101197.9,2448320,1948450,2439584.28,34,17768842,123307056.4
118,817,26.39508079,58900964.6,0.026224782,54197.06545,26.42130557,58955161.66,2321270,2050790,2320881.428,33,17246229,26970142.25
119,818,77.36480692,204720036.3,3.363020923,6351642.847,80.72782784,211071679.2,2563120,1903545,2536698.261,32,16723616,141580143.4
120,819,0,0,0,0,0,0,0,0,0,32,16723616,-16723616
121,820,80.41482581,138145696.7,3.346211471,4800729.647,83.76103728,142946426.3,1836835,1457505,1814297.962,31,16201003,91008816.75
122,821,81.15281636,170687824,3.428222876,5714551.591,84.58103924,176402375.5,2032555,1754690,2017429.681,31,16201003,116100778.7
123,822,80.2155701,141699550.8,3.435386784,7442306.097,83.65095688,149141856.9,1691235,2179695,1712852.005,30,15678390,96178002.7
124,823,61.51559975,114254663.5,0.129236265,268811.7106,61.64483602,114523475.3,1912645,2092895,1912920.353,29,15155777,70736829.44
125,824,81.22372212,138776373.8,3.453568136,5983108.557,84.67729026,144759482.3,1676920,1734495,1681740.218,29,15155777,93413834.76
126,825,77.5163283,172827491.4,0.969553146,2176127.859,78.48588144,175003619.2,2326205,2272340,2325023.492,29,15155777,116096937.4
127,826,79.91637328,154819071.7,3.341549629,5268490.052,83.25792291,160087561.7,1974245,1592430,1959400.047,28,14633164,105432507.3
128,827,79.70436627,127097527.6,3.398240607,6398899.879,83.10260688,133496427.5,1572830,1884645,1590682.01,28,14633164,85489156.59
129,828,81.67114557,231901882.2,3.378879552,6732485.587,85.05002512,238634367.8,2893485,2017435,2857496.679,28,14633164,164342611.8
130,829,79.59139608,173267167.4,3.408060307,6511378.479,82.99945639,179778545.8,2173465,1936830,2160285.606,27,14110551,120723358.4
131,830,80.15268941,178614448,3.371165131,5868372.089,83.52385454,184482820.1,2296770,1671355,2272764.753,27,14110551,124251564
132,831,81.84561512,174059518,3.38721558,6337581.232,85.2328307,180397099.3,2267055,1875090,2246710.373,26,13587938,121709886.4
133,832,82.75758308,156135572.1,3.411162396,7028094.733,86.16874547,163163666.8,1849680,2046695,1861150.135,26,13587938,108784812.1
134,833,78.82855171,102462379.5,3.464760466,7646827.54,82.29331218,110109207.1,1386490,2184385,1425037.935,26,13587938,68993967.29
135,834,78.4261446,126933142,3.374376897,7507279.179,81.8005215,134440421.2,1561490,2222185,1598146.706,26,13587938,87242377.87
136,835,78.59095621,220680991.6,3.377597484,5678755.261,81.96855369,226359746.9,2790200,1699145,2747392.107,25,13065325,156704485.2
137,836,79.50400306,133222749.2,0.963738943,2165496.977,80.467742,135388246.1,1566775,2211020,1576947.795,25,13065325,88475859.6
138,837,81.44982896,143278348.8,0.968853092,2261369.026,82.41868205,145539717.8,1708455,2289840,1716571.787,25,13065325,96089463.37
139,838,78.37454419,215533984.7,3.389756723,6837408.185,81.76430092,222371392.9,2712010,2009175,2683106.77,25,13065325,153713219.7
140,839,81.11635146,190549455.5,3.376441726,7016885.066,84.49279318,197566340.5,2259180,2063180,2253334.94,24,12542712,135632043.4
141,840,77.37380619,244882479.1,3.458728438,6443311.181,80.83253463,251325790.3,3097955,1854265,3044173.546,24,12542712,175951630.7
142,841,77.17310966,163609842.8,0.966594284,2189752.974,78.13970395,165799595.8,2127020,2248435,2129782.542,24,12542712,111806984.8
143,842,79.43260501,224609589.6,3.389287855,6272749.717,82.82189287,230882339.3,2853900,1863225,2814124.796,24,12542712,160619042.5
144,843,78.70903851,129868813.6,3.338714897,5741645.894,82.04775341,135610459.5,1721090,1705515,1714385.049,24,12542712,89165132.66
145,844,77.7051023,138462951.4,3.465969202,6710286.812,81.1710715,145173238.2,1781360,1917055,1786397.045,25,13065325,95814603.64
146,845,82.34575419,198117217.4,3.317857147,6464362.444,85.66361134,204581579.9,2381365,1936480,2363818.287,25,13065325,140370859.9
147,846,76.55792775,196467683,3.351522487,6419272.982,79.90945024,202886956,2606765,1940785,2573899.875,25,13065325,139099892
148,847,77.20047117,193825721.9,0.148420042,344658.5211,77.34889121,194170380.5,2387420,2313920,2387698.803,26,13587938,132039847.4
149,848,80.28979033,156156372.9,3.31179215,5612407.946,83.60158248,161768780.9,1959230,1696065,1958427.965,26,13587938,107738647.7
150,849,78.89671378,178879569.7,0.963162388,1910961.678,79.85987616,180790531.4,2339015,1909670,2331517.378,26,13587938,122004960.5
151,850,78.04096436,163787717.5,3.351430936,7039990.526,81.3923953,170827708,2329950,2132200,2306370.109,27,14110551,114010230
152,851,74.74204413,201380322.6,0.960450124,1506673.934,75.70249425,202886996.5,2634030,1555645,2619570.226,27,14110551,138054696.4
153,852,80.63878477,203498652.8,0.942251581,1921992.759,81.58103635,205420645.5,2512650,2008860,2506454.635,28,14633164,139432320.1
154,853,83.7824744,190002451.5,0.975607499,1975942.052,84.7580819,191978393.5,2189180,1994440,2188663.365,28,14633164,129350631.1
155,854,74.84514134,129037588.8,0.92782966,1587218.158,75.772971,130624806.9,1764735,1723855,1763402.277,29,15155777,82812828.2
156,855,77.97226467,211274465.4,0.968796087,2093919.243,78.94106076,213368384.6,2713025,2112320,2707116.721,30,15678390,144347898.5
157,856,78.27232327,204024543.8,0.962860014,1899900.434,79.23518328,205924444.3,2632455,1984150,2622632.471,30,15678390,138764943.2
158,857,79.30514212,161418694,0.971183235,2059808.058,80.27632536,163478502.1,2028845,2107840,2028893.546,31,16201003,106407873.6
159,858,77.91552152,151367062.2,3.358054868,6670594.972,81.27357639,158037657.2,1974770,1990310,1972024.421,32,16723616,101804626.9
160,859,73.77640138,148919615.8,0.92878671,1490972.6,74.70518809,150410588.4,2002280,1624070,1997666.061,33,17246229,95561712.28
161,860,79.07489983,162655405.3,3.437798728,5770309.094,82.51269856,168425714.4,2090690,1674470,2068191.743,34,17768842,108550443.8
162,861,80.57735451,163047061.6,3.399471449,7418675.714,83.97682596,170465737.4,1982365,2153445,1991179.075,34,17768842,110080461
163,862,80.00932982,168459924.2,3.376118826,6038707.474,83.38544865,174498631.6,2149805,1811600,2132816.843,35,18291455,112582518.7
164,863,81.09669635,209915030.7,3.346662287,7450222.392,84.44335864,217365253.1,2503690,2211930,2499621.423,36,18814068,144209871.8
165,864,78.14681748,105847475.8,3.367856688,5981713.134,81.51467417,111829188.9,1423030,1791405,1437745.023,37,19336681,64535210.69
166,865,0,0,0,0,0,0,0,0,0,39,20381907,-20381907
167,866,78.39815983,148840246.5,3.39402178,7409728.395,81.79218161,156249974.9,2007005,2109275,2007881.557,40,20904520,96282961.18
168,867,79.4007159,213733811.2,0.149879901,339779.6566,79.5505958,214073590.9,2842875,2261420,2841494.471,41,21427133,139128060.2
169,868,68.98493035,167260873.2,2.623856549,5124745.964,71.6087869,172385619.2,2456510,1949255,2436313.16,43,22472359,106816855.4
170,869,82.11114273,161825197.7,0.94966111,1931126.031,83.06080384,163756323.7,1950935,2055445,1951584.937,44,22994972,99822270.81
171,870,78.28340853,214957535.5,3.303599204,5409187.711,81.58700773,220366723.2,2769270,1623230,2718722.874,46,24040198,141234844.4
172,871,78.93749344,137232880.9,0.97214021,1621699.703,79.90963365,138854580.6,1810795,1706075,1806454.808,48,25085424,79055511.42
173,872,77.74421611,158181207.3,0.973141148,2066416.523,78.71735726,160247623.8,2017575,2113965,2018457.241,50,26130650,94055067.85
174,873,78.71068819,250652799.4,3.447148503,5919771.2,82.1578367,256572570.6,3259620,1780625,3199631.611,51,26653263,165776165
175,874,78.32615004,146468286.1,3.350013168,6674824.116,81.67616321,153143110.2,1990940,1986285,1982051.559,53,27698489,87158843.63
176,875,79.76638149,177279733.3,0.955287831,1895892.611,80.72166932,179175625.9,2340555,2006235,2333477.841,55,28743715,105638004.5
177,876,79.66180715,213764717.7,3.344979665,6273455.202,83.00678682,220038172.9,2697870,1889755,2660092.964,57,29788941,135239688.7
178,877,77.74261745,171761841.9,3.349668829,6201837.434,81.09228628,177963679.3,2159010,1842330,2147526.621,59,30834167,102638592.5
179,878,81.2203,160965214.6,0.967630265,1562620.864,82.18793026,162527835.5,2085125,1643705,2077774.062,61,31879393,90016483.63
180,879,78.30753981,188903027,3.409394188,6018173.69,81.716934,194921200.6,2264045,1776425,2248181.183,62,32402006,113788894.5
181,880,77.44287182,111791002.9,3.395042152,5595476.634,80.83791397,117386479.5,1506505,1637615,1508069.824,64,33447232,54592627.64
182,881,74.88640447,181909813.5,3.420284632,7059529.664,78.3066891,188969343.2,2253300,2071615,2246261.985,66,34492458,107234549.4
183,882,59.29810101,141555130.5,2.464700958,4560776.675,61.76280197,146115907.2,2577575,1855840,2538749.991,67,35015071,74571859.39
184,883,74.03433425,145056306,0.988694732,1861191.523,75.02302898,146917497.5,2010330,1888075,2008494.635,69,36060297,74127826.13
185,884,75.97632195,191397280.1,0.144788978,302310.8151,76.12111093,191699591,2626540,2105460,2625247.593,70,36582910,107191783.2
186,885,76.19625883,153126576.1,3.456708179,6598435.883,79.65296701,159725012,1969975,1904700,1970496.078,72,37628136,82165623
187,886,48.94795689,169485376.1,0.500665445,990900.8504,49.44862233,170476277,3401335,1969590,3386353.334,74,38673362,89183845.74
188,887,76.01780762,172950438.2,3.367877707,5796775.865,79.38568533,178747214.1,2362500,1719865,2332682.03,76,39718588,94341822.58
189,888,76.28587026,203003678.3,3.432176406,7366507.537,79.71804667,210370185.9,2642220,2107980,2622019.829,78,40763814,117013825.4
190,889,74.73971197,185357348.8,0.959023388,1753311.28,75.69873536,187110660.1,2499770,1809430,2490851.912,80,41809040,98523955.06
191,890,81.56865008,165443374.7,3.40064625,6239552.819,84.96929633,171682927.5,2127335,1815205,2107836.167,82,42854266,85907929.62
192,891,75.96902566,150525313.3,3.387746754,7246261.753,79.35677241,157771575,1926050,2190370,1938820.164,84,43899492,74429189.27
193,892,76.33526777,165577500.4,3.33904801,6882126.395,79.67431578,172459626.8,2234785,2031855,2219358.669,86,44944718,84400002.11
194,893,60.60915533,140456692.4,2.709767036,5224379.03,63.31892236,145681071.5,2288580,1929620,2274559.726,88,45989944,63270859.59
195,894,75.81324321,185709101.5,3.395907769,6678850.052,79.20915098,192387951.5,2483845,1981175,2459836.598,90,47035170,97255793.66
196,895,78.63390581,152655577.8,3.452415178,7195830.326,82.08632099,159851408.1,2030035,2083760,2027494.568,92,48080396,71808160.08
197,896,60.20820078,136281345.9,2.594775198,4311316.721,62.80297598,140592662.6,2242310,1692250,2211163.552,94,49125622,56318874.97
198,897,61.14173737,143069551.4,0.696547739,1463472.932,61.83828511,144533024.3,2383920,2082920,2378961.199,96,50170848,58228920.25
199,898,76.93506054,152728009.5,0.97478694,1745953.923,77.90984748,154473963.4,2123415,1801135,2115785.371,97,50693461,65162011.57
200,899,76.87769302,180587385.4,3.410787282,6599600.992,80.28848031,187186986.4,2481815,1965075,2446363.854,99,51738687,88651552.83
201,900,59.9075832,123581177.6,0.713611941,1279825.892,60.62119514,124861003.5,1993390,1768060,1989726.223,101,52783913,40861839.61
202,901,71.87580384,146246948.2,0.948632864,1975151.445,72.8244367,148222099.6,1886360,2087680,1891735.618,103,53829139,57337435.73
203,902,76.18660714,197912670.8,3.398790883,6860469.649,79.58539803,204773140.5,2695665,1995805,2663302.046,104,54351752,99228103.35
204,903,13.88821532,27402399.51,0.016458549,32486.53794,13.90467387,27434886.05,2124150,1927205,2123854.685,106,55396978,-34820813.46
205,904,75.53064403,135753260,0.947327174,1602951.654,76.4779712,137356211.6,1846180,1654380,1843860.744,108,56442204,46574954.71
206,905,78.96772915,172163959.3,0.967603575,2033380.455,79.93533273,174197339.8,2176615,2073820,2175952.382,109,56964817,73683187.85
207,906,81.74745166,149439200.4,0.970116704,1807180.018,82.71756837,151246380.4,1849540,1854895,1849046.729,111,58010043,55424742.29
208,907,78.91295712,175390781.8,0.148954983,317855.7081,79.0619121,175708637.5,2240840,2112635,2240746.745,112,58532656,73248822.14
209,908,74.4539251,144652642.5,0.970799412,1821717.784,75.42472451,146474360.2,1934695,1904770,1936469.458,114,59577882,50277888.18
210,909,76.31192671,146147461.9,0.96586465,1839008.341,77.27779136,147986470.3,1889720,1885275,1891130.523,116,60623108,50366744.72
211,910,0,0,0,0,0,0,0,0,0,117,61145721,-61145721
212,911,72.31481214,138350057.9,3.384067999,6105256.676,75.69888014,144455314.6,1794065,1776320,1799303.678,119,62190947,46150538.96
213,912,75.22822002,161637652.9,3.441619006,7610758.201,78.66983903,169248411.1,2183860,2254840,2190288.244,120,62713560,64222748.35
214,913,76.74833819,151136248.4,3.390676256,6671212.919,80.13901445,157807461.3,1896475,1932420,1901929.45,122,63758786,54596809.98
215,914,77.25364682,108549332.4,3.430750921,6752469.527,80.68439774,115301801.9,1382430,1978200,1411862.287,123,64281399,22194952.46
216,915,76.50132447,163098087.8,3.443943929,5701791.134,79.9452684,168799878.9,2209060,1662570,2180850.337,125,65326625,61273284.19
217,916,70.52571418,140145716.1,3.205848392,5486292.764,73.73156258,145632008.8,1975190,1753045,1964105.253,126,65849238,43374768.62
218,917,72.16613908,165782926.3,3.189237678,5836292.914,75.35537675,171619219.2,2340905,1857275,2312698.188,127,66371851,62342563.43
219,918,75.78543249,129331621.2,3.378444139,7480352.875,79.16387663,136811974.1,1736210,2219805,1757681.265,129,67417077,35191903.58
220,919,78.71697844,160892916.6,3.427615065,7623283.165,82.14459351,168516199.7,2074835,2194885,2078011.663,130,67939690,58447459.81
221,920,73.12459334,136128390,0.97604296,1837705.238,74.10063629,137966095.3,1935850,1836555,1933107.829,131,68462303,35012268.45
222,921,74.89410199,146702259.7,3.371772304,6708328.74,78.26587429,153410588.4,2122680,2008580,2113515.231,132,68984916,46073025.31
223,922,71.60056997,164012405.8,0.96873943,1796428.576,72.5693094,165808834.3,2367680,1860460,2357536.556,133,69507529,54849096.74
224,923,26.89123036,41869571.86,0.026465619,48022.07509,26.91769598,41917593.94,1637160,1845795,1637172.868,134,70030142,-38591946.55
225,924,0,0,0,0,0,0,0,0,0,135,70552755,-70552755
226,925,73.47475432,146710255.2,3.461890265,7275557.86,76.93664459,153985813.1,1962135,2093140,1973689.616,136,71075368,44413991.79
227,926,72.53248957,152207183.5,3.482501675,6606849.131,76.01499124,158814032.7,2251970,1908900,2223620.956,137,71597981,47512543.51
228,927,73.61059287,197673514.2,0.968255385,1876876.804,74.57884826,199550391,2638860,1942360,2629453.036,138,72120594,77542199.24
229,928,73.10256809,152748882.1,3.360950435,5697012.75,76.46351852,158445894.9,2069795,1692180,2059180.272,139,72643207,46191214.17
230,929,75.65207133,150087704.3,3.477271307,5505790.008,79.12934264,155593494.3,1890735,1584450,1881715.067,140,73165820,43529300.76
231,930,71.6846828,197838212,0.953796018,1773790.266,72.63847882,199612002.2,2531270,1887025,2526139.492,141,73688433,76020568.67
232,931,72.14907267,96403904.44,3.366143885,6108739.371,75.51521655,102512643.8,1399860,1841315,1414887.502,142,74211046,2673436.86
233,932,75.08128597,186934647.1,0.977298102,1881452.453,76.05858407,188816099.6,2401105,1919050,2394864.492,143,74733659,66878415.67
234,933,72.94883277,179689691.4,3.404602083,6735374.991,76.35343485,186425066.4,2415385,2007250,2400915.469,143,74733659,65085140.82
235,934,74.38489609,152400499.6,0.977426676,1988303.986,75.36232277,154388803.6,2006900,2043055,2009302.835,144,75256272,40535330.73
236,935,74.9866889,213711334.6,1.000419134,2177520.034,75.98710803,215888854.7,2928625,2138010,2915446.177,145,75778885,86137755.99
237,936,73.65397243,183967520.7,3.436818068,7194716.388,77.0907905,191162237.1,2472050,2136155,2456965.69,146,76301498,67070179.79
238,937,74.33811187,145801740.1,3.378004194,6529170.511,77.71611606,152330910.6,1873340,1942920,1880220.922,147,76824111,37424071.95
239,938,73.63158788,157202381.7,3.50681892,6371152.793,77.1384068,163573534.5,2134475,1784090,2119442.762,148,77346724,45333426.86
240,939,74.82171288,151652092.5,0.964115149,1967237.425,75.78582802,153619330,2055900,2035495,2054969.643,148,77346724,37867773.47
241,940,74.62930047,102012712,3.43905787,7054304.747,78.06835834,109067016.8,1368150,2046695,1394625.446,148,77346724,4453538.577
242,941,71.75922565,180004330.5,3.400522303,5851269.429,75.15974795,185855599.9,2477300,1740270,2448255.348,148,77346724,62044975.92
243,942,71.70211667,131961666,3.394440015,7088099.401,75.09655669,139049765.4,1728265,2083410,1745439.253,148,77346724,26940600.06
244,943,72.36372967,130502385.5,0.962550591,2184021.051,73.32628027,132686406.6,1907850,2253615,1910710.817,148,77346724,22168080.93
245,944,0,0,0,0,0,0,0,0,0,148,77346724,-77346724
246,945,74.32375644,133772878.2,3.354892189,5893623.306,77.67864863,139666501.5,1744750,1722700,1749622.714,148,77346724,27403152.16
247,946,72.61250354,159501828.4,3.392568184,5734768.544,76.00507173,165236596.9,2186520,1666455,2163754.616,148,77346724,46580723.7
248,947,72.93463447,180959002.1,3.435477036,7795534.271,76.3701115,188754536.3,2436560,2298205,2435616.589,148,77346724,64219178.25
249,948,76.81203703,184983056.6,0.961604194,1764051.215,77.77364122,186747107.8,2409155,1856960,2401912.084,148,77346724,62713606.83
250,949,75.08891872,152272823.1,3.42336888,5220635.766,78.5122876,157493458.8,2075220,1536150,2046210.049,148,77346724,40773370.13
251,950,73.75797802,143005412.6,3.345710137,7584953.942,77.10368815,150590366.6,1986390,2303385,1999092.857,149,77869337,35073437.91
252,951,72.04870306,110323318,0.955199753,1809513.922,73.00390281,112132831.9,1477245,1901235,1482776.416,150,78391950,5707673.928
253,952,75.06427044,145183607.3,0.954673746,1812773.611,76.01894419,146996380.9,2023525,1893465,2019639.163,151,78914563,31332722.66
254,953,73.70132388,144462020.2,3.440810943,6667062.795,77.14213483,151129083,2019955,1939700,2014327.673,152,79437176,33909636.22
255,954,0,0,0,0,0,0,0,0,0,153,79959789,-79959789
256,955,74.46555782,150298776.1,0.937998654,2008249.776,75.40355647,152307025.9,2113860,2145290,2112136.467,155,81005015,33225254.42
257,956,75.3250409,180689422.6,3.360514958,5488102.313,78.68555586,186177524.9,2389730,1596805,2350741.872,157,82050241,57582902.68
258,957,78.29806008,138912565.1,0.983134947,1931259.397,79.28119502,140843824.5,1847020,1964655,1847119.568,159,83095467,22537401.34
259,958,71.77655087,129996589.3,0.955590753,1733524.211,72.73214163,131730113.5,1909670,1826755,1907306.864,162,84663306,14134279.15
260,959,75.2942471,116713414.3,3.405951364,6930436.393,78.70019846,123643850.7,1529920,2015020,1554320.464,164,85708532,7024356.024
261,960,73.10017743,155812753,3.365638821,6407565.885,76.46581626,162220318.9,2039135,1913975,2036544.454,167,87276371,34388868.15
262,961,75.14083724,215196328.5,0.974510243,1856194.527,76.11534748,217052523,2639140,1921675,2632936.638,169,88321597,74467795.28
263,962,69.63179599,139651917.6,3.381947395,6259331.721,73.01374338,145911249.4,2174165,1889720,2150769.828,172,89889436,19544001.02
264,963,74.09209394,131059493.6,0.947532225,2202423.567,75.03962616,133261917.2,1772295,2309405,1779620.814,175,91457275,8489162.894
265,964,74.13504401,197129323.1,3.36892099,6566062.038,77.503965,203695385.1,2660210,1978865,2624934.432,178,93025114,59746424.86
266,965,75.26259638,160420708,0.977790449,2149759.973,76.24038683,162570468,2090340,2168180,2089625.306,180,94070340,27857510.99
267,966,73.17034567,108917828.9,3.368996112,6681966.734,76.53934179,115599795.6,1517005,1969835,1541634.545,183,95638179,-8938332.311
268,967,70.83870976,104050522.8,0.951236658,2085245.887,71.78994642,106135768.7,1604785,2188480,1610336.447,186,97206018,-17604191.48
269,968,55.48619695,104458095.6,0.1329859,259403.6368,55.61918285,104717499.3,1809325,1980965,1809928.108,189,98773857,-20235732.56
270,969,76.10670807,166884116.9,0.965550653,1736543.417,77.07225873,168620660.3,2141580,1795465,2138197.175,192,100341696,26123799.25
271,970,75.50199872,193240594.7,0.971495909,1872184.557,76.47349463,195112779.2,2409750,1900255,2406834.501,195,101909535,44425049.41
272,971,73.22394426,143995787.5,3.453705524,7320019.357,76.67764978,151315806.9,1889510,2142140,1900787.081,198,103477374,10009481.17
273,972,73.06500689,139156632.1,0.94586117,1536728.976,74.01086807,140693361,1898960,1600760,1895024.824,200,104522600,997420.7789
274,973,75.10207442,192685341.7,3.350065825,6333781.497,78.45214025,199019123.2,2520910,1881880,2497935.594,203,106090439,43173903.38
275,974,73.3789966,119117303.6,0.965490744,1936195.116,74.34448734,121053498.7,1630755,2010365,1635517.202,207,108180891,-17390766.94
276,975,0,0,0,0,0,0,0,0,0,211,110271343,-110271343
277,976,69.08908837,175230899.4,0.924827215,1964439.382,70.01391559,177195338.8,2454340,2079805,2449678.094,215,112361795,20534709.1
278,977,57.1997186,95198396.26,0.722291894,1304265.733,57.92201049,96502661.99,1783705,1823710,1781256.363,219,114452247,-42075250.51
279,978,74.91352381,173321014.5,0.939820438,2221022.796,75.85334425,175542037.3,2272795,2360995,2275610.157,223,116542699,15113828.99
280,979,73.34812977,158459380,0.94867697,1634629.837,74.29680674,160094009.8,2160445,1720040,2154962.445,228,119155764,914743.3404
281,980,0,0,0,0,0,0,0,0,0,233,121768829,-121768829
282,981,0,0,0,0,0,0,0,0,0,237,123859281,-123859281
283,982,62.34099393,144675146.6,3.240597587,5087359.385,65.58159152,149762506,2397710,1548085,2349782.224,242,126472346,-14150466.52
284,983,63.36874255,170493597.3,3.394967302,5519371.113,66.76370985,176012968.4,2778475,1595720,2706543.62,247,129085411,2924315.321
285,984,67.68760607,149172044.9,0.969724392,1632885.001,68.65733046,150804929.9,2267825,1659875,2258642.624,251,131175863,-18072165.57
286,985,61.09307036,154849648.8,0.762528134,1755873.598,61.85559849,156605522.4,2542995,2264675,2537847.617,256,133788928,-16334786.19
287,986,67.97996207,154382329.3,3.428895906,6115245.285,71.40885797,160497574.6,2242310,1778000,2222826.515,260,135879380,-15506199.04
288,987,67.86201991,200160761.4,3.417407147,6424460.212,71.27942705,206585221.6,2915360,1876385,2862289.197,264,137969832,16969084.22
289,988,67.53119419,141965933.6,3.368223051,6316561.324,70.89941724,148282494.9,2066015,1895845,2056079.972,267,139537671,-28325799.82
290,989,69.34671542,138518907.1,3.366727563,5395535.9,72.71344298,143914443,1923705,1643145,1914026.763,270,141105510,-33169677.76
291,990,8.212329141,17771717.04,0.593394887,1134246.739,8.805724027,18905963.78,2294425,1929025,2253618.24,273,142673349,-128493876.2
292,991,67.89546075,109506771.8,0.956192332,1644413.426,68.85165309,111151185.3,1580355,1693755,1581631.257,276,144241188,-60877799.05
293,992,56.12091191,107388648.9,2.604316226,5724160.829,58.72522814,113112809.7,1775900,2195760,1801072.287,279,145809027,-60974419.73
294,993,67.29571626,135158596.1,0.958800627,1986932.999,68.25451689,137145529.1,2096920,2050475,2094582.532,281,146854253,-43995106.2
295,994,68.60106472,176172255.1,3.443804978,6183396.193,72.0448697,182355651.3,2433795,1772050,2405661.472,284,148422092,-11655353.52
296,995,67.57427636,172342791.8,0.146677863,280133.6213,67.72095422,172622925.4,2529310,1890490,2527865.375,286,149467318,-20000123.94
297,996,69.57077216,195034758.8,3.411194869,7162575.989,72.98196703,202197334.8,2730140,2087365,2704235.282,289,151035157,612844.1104
298,997,65.59135359,120693545.2,3.43062795,5825112.718,69.02198154,126518657.9,1877470,1682345,1868195.401,291,152080383,-57191389.58
299,998,67.45377115,110929556.5,0.976100488,1855290.798,68.42987163,112784847.3,1746325,1886885,1747209.284,294,153648222,-69059586.5
300,999,62.17419452,166524400.5,0.965957418,2106528.319,63.14015193,168630928.8,2523535,2185925,2521318.193,296,154693448,-28220251.38
301,1000,70.04007385,159264851.5,3.455038289,6070906.63,73.49511214,165335758.1,2419655,1767990,2382003.469,299,156261287,-32259468.4
302,1001,50.65284163,143555735.5,0.133164266,272859.1304,50.7860059,143828594.6,2832095,2034865,2829819.972,301,157306513,-49435067.04
303,1002,69.08833725,144817996.5,0.952225724,1867869.815,70.04056297,146685866.3,2092265,1930040,2090679.57,303,158351739,-48337339.27
304,1003,66.63790977,123276984.8,3.411768627,6454255.827,70.0496784,129731240.6,1972775,1848175,1960536.392,305,159396965,-62098534.53
305,1004,67.15328597,164894821.8,0.955925971,1803310.3,68.10921194,166698132.1,2421650,1870190,2415072.228,307,160442191,-35418591.92
306,1005,0,0,0,0,0,0,0,0,0,309,161487417,-161487417
307,1006,64.74481556,83430333.94,3.432642107,6730453.925,68.17745767,90160787.87,1217335,1920800,1263300.447,310,162010030,-94389439.1
308,1007,68.19199344,202272791.3,3.306707896,6318254.84,71.49870134,208591046.1,2838990,1913730,2806942.522,312,163055256,-6611971.431
309,1008,16.86295566,40596603.93,0.01699623,29385.54907,16.87995189,40625989.48,2312065,1724835,2311465.259,313,163577869,-133108376.9
310,1009,67.77886865,157607309.1,3.477697269,7195858.25,71.25656592,164803167.4,2314025,2049600,2296837.007,314,164100482,-40498106.48
311,1010,66.19004336,128521126.4,3.388458953,5105759.484,69.57850231,133626885.9,2028705,1496460,1989546.715,315,164623095,-64402930.6
312,1011,64.257827,124962439.7,3.178758048,4869176.331,67.43658505,129831616,1960700,1488655,1935510.399,316,165145708,-67771995.97
313,1012,64.96394436,172029172.4,0.962971605,1845561.774,65.92691597,173874734.2,2664165,1900640,2650890.054,316,165145708,-34739657.34
314,1013,69.7719805,151662075.6,3.359510525,6790583.123,73.13149102,158452658.7,2254420,2011030,2242463.438,316,165145708,-46306213.95
315,1014,65.38376849,141343134.4,0.966018563,2022467.242,66.34978706,143365601.6,2111130,2082745,2110899.021,316,165145708,-57621506.8
316,1015,67.07796901,132154815.6,3.430344475,6580972.189,70.50831348,138735787.8,1916495,1883805,1921914.28,315,164623095,-60571254.15
317,1016,62.2639969,114080866.5,3.238166987,5727853.604,65.50216389,119808720.1,1971165,1753185,1949140.397,315,164623095,-74766554.93
318,1017,67.38313636,174856624.7,3.34616975,6115474.68,70.72930611,180972099.4,2572220,1815975,2543151.786,314,164100482,-28371407.44
319,1018,68.60788334,133278414.2,3.268705694,5790842.548,71.87658903,139069256.7,1891820,1792280,1886446.686,313,163577869,-59275926.45
320,1019,68.21073286,138681343.6,3.368649528,5661848.914,71.57938239,144343192.5,1857555,1750000,1850949.74,313,163577869,-55320474.63
321,1020,69.96299362,180683525.9,3.481507766,6561467.799,73.44450139,187244993.7,2504460,1931825,2475573.182,312,163055256,-22621510.72
322,1021,71.25845276,156138771.5,0.94770849,1831843.339,72.20616125,157970614.9,2139725,1950585,2138000.159,311,162532643,-44054681.86
323,1022,68.96702214,153924751.4,3.35378067,6889851.665,72.32080281,160814603.1,2208815,2013690,2203370.946,310,162010030,-41399077.67
324,1023,66.57376832,89523615.69,3.362507641,6404960.998,69.93627596,95928576.69,1367275,1893780,1390953.7,309,161487417,-89540984.48
325,1024,68.82872923,173867401.4,3.366668694,7786091.013,72.19539793,181653492.4,2375450,2289000,2375418.822,308,160964804,-24724684.7
326,1025,68.34480118,135575322.5,0.988037015,2146622.89,69.3328382,137721945.4,1881320,2146305,1887876.834,308,160964804,-57673344.96
327,1026,69.83688603,111479114.8,3.382065396,6365689.555,73.21895143,117844804.4,1520470,1868090,1536864.235,307,160442191,-72058587.71
328,1027,71.13318471,188979789.4,3.292179688,5975062.367,74.42536439,194954851.7,2591120,1834210,2558923.14,307,160442191,-14226052.2
329,1028,68.68376981,161473947.3,3.363836945,7011957.147,72.04760676,168485904.5,2328935,2067975,2319016.408,307,160442191,-34077762.64
330,1029,71.47431194,149318962.5,3.422255422,5546476.386,74.89656736,154865438.9,2058910,1592465,2042813.036,306,159919578,-43770498.84
331,1030,68.39615303,128083799.3,0.985190875,1887657.148,69.38134391,129971456.5,1874215,1908550,1874741.245,306,159919578,-62440985.65
332,1031,17.69926712,38991827.61,0.017387273,31873.45405,17.71665439,39023701.06,2204545,1839915,2204112.269,306,159919578,-130651802.2
333,1032,68.10989957,144038533.9,0.979222621,1799481.182,69.08912219,145838015.1,2063320,1842855,2061089.166,305,159396965,-50018453.66
334,1033,64.74882446,117981338.2,0.975727158,1861953.805,65.72455162,119843292,1779085,1927310,1784593.53,305,159396965,-69514495.98
335,1034,69.47956397,145037480.4,3.425393844,7647743.617,72.90495782,152685224,2119320,2227435,2124483.978,304,158874352,-44360433.99
336,1035,0,0,0,0,0,0,0,0,0,304,158874352,-158874352
337,1036,52.33309492,159825749.4,0.130631288,286681.8099,52.46372621,160112431.2,3020255,2180780,3017902.803,303,158351739,-38267415.56
338,1037,62.07639544,154063793.5,0.934851253,1738346.63,63.01124669,155802140.1,2584330,1880340,2571434.488,302,157829126,-40977520.9
339,1038,69.34386604,143071228.1,0.937997621,1609846.251,70.28186366,144681074.4,2006620,1725920,2003753.885,302,157829126,-49318320.23
340,1039,67.82709577,168882527.4,0.95301845,1876978.788,68.78011422,170759506.2,2470440,1977675,2463480.86,301,157306513,-29236883.32
341,1040,67.88373501,133191317.5,3.398324017,7374631.588,71.28205902,140565949,2112425,2178120,2105718.715,301,157306513,-51882051.21
342,1041,70.17940544,120763992.7,0.97714161,1692504.176,71.15654705,122456496.9,1666560,1718255,1667781.214,300,156783900,-64941527.34
343,1042,69.02692791,140685927.8,3.438057022,5662587.893,72.46498493,146348515.7,1998115,1608950,1984429.87,299,156261287,-46499900.22
344,1043,0,0,0,0,0,0,0,0,0,299,156261287,-156261287
345,1044,69.12026709,132219488.5,0.971850433,2111264.007,70.09211752,134330752.5,1932560,2182425,1934676.364,298,155738674,-54990609.62
346,1045,68.00317303,170467949.2,3.307689374,6879137.845,71.31086241,177347087.1,2460465,2079140,2444572.715,298,155738674,-22728358.71
347,1046,3.087607206,4867671.723,0,0,3.087607206,4867671.723,1530515,0,1530515,297,155216061,-151565307.2
348,1047,68.73293752,162228439.9,3.462839503,6056005.346,72.19577702,168284445.2,2290225,1745975,2266741.8,296,154693448,-28480114.07
349,1048,69.96964378,171370317.4,0.144719099,305725.4423,70.11436287,171676042.9,2315740,2077600,2315624.842,296,154693448,-25936415.85
350,1049,67.55966504,141802378.7,0.987100837,2060900.191,68.54676588,143863278.9,2263695,2131955,2256502.961,296,154693448,-46795988.8
351,1050,69.82209073,162682650.5,3.429516114,6830367.722,73.25160685,169513018.2,2401070,2004975,2380028.719,295,154170835,-27036071.35
352,1051,67.99663605,148583545.4,3.391435092,6461124.605,71.38807115,155044670,2173885,1910440,2164142.768,295,154170835,-37887332.48
353,1052,63.61085079,93574169.07,3.198003061,5889527.779,66.80885385,99463696.85,1644475,1798755,1646749.006,294,153648222,-79050449.36
354,1053,71.78860032,177830610.2,3.385639196,7018516.779,75.17423951,184849127,2454795,2073050,2435581.268,294,153648222,-15011376.74
355,1054,68.72798246,154251812.9,3.354768956,7368446.271,72.08275141,161620259.1,2304540,2162860,2302821.514,293,153125609,-31910414.65
356,1055,63.86977708,151145485.9,3.407335728,6174402.862,67.27711281,157319888.8,2470860,1804460,2436659.811,293,153125609,-35135692.39
357,1056,66.90180501,123031241.6,3.371003639,6811826.85,70.27280865,129843068.4,1867180,2016000,1878583.991,292,152602996,-55220694.67
358,1057,67.94930596,118059417.1,0.966244148,1737255.955,68.91555011,119796673.1,1715700,1822240,1718417.128,292,152602996,-62755491.19
359,1058,64.41123423,135474972.7,3.245354982,6698667.757,67.65658922,142173640.4,2012710,2044035,2021721.676,291,152080383,-45450152.67
360,1059,68.46638945,214744565.5,3.403230448,5578807.506,71.8696199,220323373,3092180,1631455,3020000.804,290,151557770,13684759.73
361,1060,70.8153519,149113935.4,3.391312764,8199468.72,74.20666466,157313404.1,2096990,2405410,2108725.279,290,151557770,-33572716.91
362,1061,67.68187052,121310161,3.475501367,6643559.904,71.15737189,127953720.9,1837185,1943480,1843582.705,289,151035157,-55069866.36
363,1062,69.97882759,132845463.3,3.445451673,5471758.514,73.42427926,138317221.8,1839215,1578045,1832475.69,288,150512544,-46774627.63
364,1063,69.16125939,112404479.8,3.417037092,6128283.653,72.57829648,118532763.5,1612450,1837955,1622034.717,287,149989931,-61090358.41
365,1064,68.61953156,164510064.1,3.355540582,5449505.911,71.97507214,169959570,2349515,1665720,2313378.339,286,149467318,-21997640.48
366,1065,64.01734557,175234411.6,3.235304145,6036039.658,67.25264971,181270451.3,2856910,1864765,2804979.43,285,148944705,-12991866.54
367,1066,70.42978024,134531060.6,3.448880173,6271689.069,73.87866041,140802749.7,1875090,1788255,1876940.235,284,148422092,-42820029.74
368,1067,0,0,0,0,0,0,0,0,0,283,147899479,-147899479
369,1068,0,0,0,0,0,0,0,0,0,282,147376866,-147376866
370,1069,66.75784852,121541412.7,3.397526734,7004514.775,70.15537525,128545927.4,2101120,2081905,2080535.772,281,146854253,-50444807.43
371,1070,66.72004019,167704518.1,0.965954529,1922077.048,67.68599472,169626595.1,2404465,1971130,2399813.685,280,146331640,-19111693.65
372,1071,70.42891274,155512004.8,3.385368775,7406702.409,73.81428152,162918707.2,2161075,2189565,2162224.734,279,145809027,-23619996.59
373,1072,71.4892537,173296461.9,3.343929381,6905557.084,74.83318308,180202019,2382415,2045505,2365966.724,278,145286414,-10134899.73
374,1073,68.20687586,126386872.3,3.439602864,8106932.319,71.64647873,134493804.6,1768760,2333940,1795503.343,276,144241188,-43370834.56
375,1074,69.42054532,208048653.6,0.98360254,1920219.802,70.40414786,209968873.4,3100335,1958145,3082997.924,275,143718575,13758080.03
376,1075,69.79843981,109079375.5,3.439992369,6043994.179,73.23843218,115123369.7,1564045,1764350,1576504.475,274,143195962,-56853434.7
377,1076,67.51737938,110429716.6,3.434595251,6798186.01,70.95197463,117227902.6,1456490,1953315,1493916.913,272,142150736,-54229809.08
378,1077,67.72230763,124521612.6,3.360369521,6752915.635,71.08267715,131274528.2,1824340,2068815,1836560.118,271,141628123,-43172226.82
379,1078,69.71504395,146094868.4,3.355152831,5890263.907,73.07019678,151985132.4,2107945,1826090,2089951.625,269,140582897,-26594047.74
380,1079,71.05018736,154626175,3.370598642,5710160.232,74.420786,160336335.2,2268700,1664600,2231491.154,268,140060284,-19808032.58
381,1080,72.67721369,162153063.8,3.430539306,6880550.455,76.107753,169033614.3,2168775,1983030,2165706.93,266,139015058,-12239847.28
382,1081,68.41085406,149076736.2,3.365828089,6131250.771,71.77668215,155207986.9,2250395,1815240,2229231.512,265,138492445,-22086454.81
383,1082,69.62782981,138932951.4,3.404336859,6259406.544,73.03216667,145192357.9,1983135,1860040,1978076.297,263,137447219,-28552950.56
384,1083,67.965871,155287944.7,3.385629153,6479180.977,71.35150015,161767125.7,2343705,1912050,2326496.576,261,136401993,-15076648.74
385,1084,67.48437521,130247760.6,3.412492867,7594230.354,70.89686807,137841991,1818250,2217145,1842974.298,259,135356767,-31975273.79
386,1085,70.77044009,200526061.5,0.968882061,2200845.964,71.73932215,202726907.5,2754115,2268140,2748487.727,257,134311541,17733639.61
387,1086,69.92885297,176973300.4,3.428316513,7020345.643,73.35716948,183993646,2534280,2027025,2512427.956,255,133266315,4728919.499
388,1087,71.28296056,142374220.1,3.421717801,6655617.981,74.70467836,149029838,2028530,1944040,2021792.374,252,131698476,-19926097.47
389,1088,68.43720386,138438833.7,3.374702542,6284946.846,71.8119064,144723780.6,2059645,1840685,2046827.341,250,130653250,-22110414.57
390,1089,67.44778296,137211967.7,3.433553931,7319517.297,70.88133689,144531485,2208395,2142210,2189910.128,247,129085411,-20686797.27
391,1090,73.37212845,152731531.2,0.973222521,2012961.189,74.34535097,154744492.4,2009245,2057755,2011099.82,245,128040185,-11981815.7
392,1091,0,0,0,0,0,0,0,0,0,242,126472346,-126472346
393,1092,69.18607154,155646486.9,0.97271732,1698320.494,70.15878886,157344807.4,2274580,1702155,2267207.709,240,125427120,-7418514.465
394,1093,71.9997881,189429494,0.952361621,2222856.275,72.95214972,191652350.3,2536135,2398585,2535033.418,237,123859281,19879981.74
395,1094,0,0,0,0,0,0,0,0,0,235,122814055,-122814055
396,1095,70.20497451,153510775.2,3.467745594,7574186.808,73.67272011,161084962,2236535,2243465,2231060.155,232,121246216,-432494.4637
397,1096,62.89822064,129476212.2,3.25928062,5730514.864,66.15750126,135206727.1,2018240,1801240,2006078.195,230,120200990,-18795944.67
398,1097,70.16163806,152119539.5,3.461926722,5638126.606,73.62356478,157757666.1,2054815,1604295,2040622.72,228,119155764,-837514.3896
399,1098,13.99651604,21979958.73,0.01711664,35418.7466,14.01363268,22015377.48,1648640,2070635,1649151.788,226,118110538,-101599004.9
400,1099,52.55717263,143263923.2,0.128636951,207573.6495,52.68580958,143471496.9,2792055,1619485,2788695.752,224,117065312,-9461689.334
401,1100,74.8199776,199184011,0.964479335,1830903.735,75.78445693,201014914.7,2732065,1863890,2720329.726,222,116020086,34741100.02
402,1101,75.49168149,82666162.26,3.394610416,7682773.963,78.8862919,90348936.22,1101975,2244585,1152825.422,220,114974860,-47213157.83
403,1102,67.73458854,140430153.1,3.179969625,4455997.424,70.91455817,144886150.6,1996190,1416660,1970302.629,218,113929634,-5265021.078
404,1103,69.89073353,157316678.8,0.916564703,1712954.742,70.80729823,159029633.5,2221835,1849610,2219953.391,216,112884408,6387817.126
405,1104,73.2945743,158340871.4,3.418582553,7226000.027,76.71315686,165566871.5,2141055,2137730,2137128.905,214,111839182,12335971.6
406,1105,75.76250007,141058339.3,3.365323865,5700194.794,79.12782394,146758534.1,1988350,1663025,1973332.502,211,110271343,-202442.4044
407,1106,70.17517608,205807436.8,0.94644671,1582951.409,71.12162279,207390388.2,2996070,1684830,2977365.522,209,109226117,46316674.15
408,1107,75.32859061,172454419.2,3.394628195,6226295.626,78.7232188,178680714.8,2186345,1864450,2175657.605,206,107658278,26352258.11
409,1108,75.43611022,163195056,0.976941268,1833178.67,76.41305148,165028234.6,2012360,1856890,2012764.089,204,106613052,17158123.97
410,1109,71.17931778,144103368.5,3.440269497,5442034.711,74.61958727,149545403.2,2015755,1560615,1992501.17,201,105045213,7113839.407
411,1110,75.48686146,175166473.2,3.515658279,8040068.96,79.00251974,183206542.2,2316965,2312625,2317239.512,199,103999987,33404919.63
412,1111,74.38691704,144253579.8,0.966982943,2057399.325,75.35389998,146310979.2,2098425,2138605,2096059.682,197,102954761,6778473.372
413,1112,73.89085351,165486836.6,3.393266389,7124003.098,77.2841199,172610839.7,2305065,2099160,2292324.962,195,101909535,27548594.78
414,1113,71.56609625,180652826.2,0.951401872,1817498.312,72.51749813,182470324.5,2592380,1852620,2582293.802,192,100341696,36511047.4
415,1114,25.43426039,56784863.6,1.542869578,2776539.496,26.97712997,59561403.1,2270100,1789620,2235786.441,191,99819083,-55148030.68
416,1115,58.24174249,126872177,2.632105418,5551179.454,60.8738479,132423356.4,2143330,2112355,2142333.726,189,98773857,543660.326
417,1116,72.81642419,163092555,3.433395473,6220323.512,76.24981967,169312878.5,2373280,1790985,2336754.265,187,97728631,29256027.87
418,1117,68.26703966,140754587.2,3.174093646,6080504.866,71.44113331,146835092.1,2089535,1949045,2077156.38,186,97206018,12920301.04
419,1118,17.52121185,37529142.77,0.812448048,1486287.231,18.3336599,39015430,2031925,1821680,2027734.093,184,96160792,-66899219.5
420,1119,56.6022704,130192036.8,0.708264329,1556679.056,57.31053473,131748715.8,2350530,2205945,2349159.949,183,95638179,3173357.881
421,1120,56.27836219,112252189,2.658826031,5097940.308,58.93718822,117350129.3,1979285,1896545,1978101.315,182,95115566,-7102969.004
422,1121,10.9187234,25402257.06,0.060414951,111538.4384,10.97913835,25513795.5,2291170,1867460,2288251.401,182,95115566,-75980219.38
423,1122,76.91386873,122963847.7,3.482898128,7726586.152,80.39676686,130690433.9,1788080,2169510,1793537.421,181,94592953,3424872.424
424,1123,74.23973092,131856721.9,3.465464361,5608368.806,77.70519529,137465090.7,1875405,1623125,1859284.949,180,94070340,9028478.053
425,1124,74.18280245,158997663.5,3.454974129,5949230.285,77.63777658,164946893.8,2072980,1754830,2057783.232,180,94070340,29639830.34
426,1125,75.89056366,169789069.9,3.446565471,6665709.533,79.33712913,176454779.4,2077075,1898715,2075362.141,179,93547727,38793357.58
427,1126,0,0,0,0,0,0,0,0,0,179,93547727,-93547727
428,1127,76.90696796,178278826.8,0.947348652,1960588.111,77.85431662,180239415,2261035,2078300,2257522.894,178,93025114,42154447.22
429,1128,75.00269497,126572630.1,3.481935573,8043867.263,78.48463054,134616497.4,1675625,2342795,1705977.681,178,93025114,7937259.03
430,1129,76.55635758,167091039.7,3.435519951,6760382.932,79.99187753,173851422.7,2170875,1972005,2164376.465,178,93025114,37363452.99
431,1130,76.58319502,166791249.3,0.968861309,1971089.223,77.55205633,168762338.6,2084145,2019500,2085429.448,177,92502501,34069252.92
432,1131,74.55584012,138749541.9,3.468895888,6639425.579,78.02473601,145388967.4,1866515,1901515,1873750.974,177,92502501,16539224.59
433,1132,0,0,0,0,0,0,0,0,0,177,92502501,-92502501
434,1133,44.71289078,69594242.95,0.522670336,1088944.757,45.23556112,70683187.7,1612380,2107770,1615777.194,176,91979888,-38967497.22
435,1134,71.85931692,167342457.7,0.977775735,1611453.595,72.83709265,168953911.3,2252950,1656795,2244685.653,176,91979888,34735545.51
436,1135,74.2252473,115463637.6,0.960685874,2057479.513,75.18593317,117521117.1,1556520,2133635,1563809.618,175,91457275,-3316437.195
437,1136,73.75555122,145472764.5,0.972124055,1769479.799,74.72767527,147242244.3,2035635,1814680,2033456.536,175,91457275,18974408.25
438,1137,71.3140197,184611620.1,0.953648596,1783205.107,72.2676683,186394825.2,2645860,1858255,2632302.327,175,91457275,48338843.91
439,1138,44.7829778,116144456.6,0.043947028,73449.31425,44.82692483,116217905.9,2659720,1675660,2658650.53,175,91457275,-4293845.57
440,1139,76.68036306,136090115.2,0.985800079,2011924.173,77.66616313,138102039.4,1721510,2077565,1728732.562,175,91457275,12119254.53
441,1140,75.59255115,192642080.9,0.933359377,1842411.22,76.52591053,194484492.1,2637145,1981350,2630818.151,176,91979888,53883481.1
442,1141,75.74895884,197178261,3.422789607,6862243.489,79.17174845,204040504.5,2477230,2039205,2466294.735,176,91979888,61050490.38
443,1142,0.66782093,1268760.486,0,0,0.66782093,1268760.486,1888810,0,1888810,177,92502501,-91550930.64
444,1143,73.45430412,145356927,3.375425842,5627849.491,76.82972996,150984776.5,1982610,1709015,1967902.644,178,93025114,20213468.37
445,1144,73.35447437,164699889.3,3.347111287,6066196.737,76.70158566,170766086.1,2382380,1809535,2350343.036,178,93025114,35049450.54
446,1145,74.53946781,140845576.3,3.490630043,7353003.331,78.03009785,148198579.6,2028005,2118935,2027100.563,179,93547727,17601207.69
447,1146,73.13068007,193014607.4,0.147743568,342146.1185,73.27842364,193356753.6,2762375,2352245,2760881.576,180,94070340,50947225.17
448,1147,74.0823769,179634169.3,3.376841816,6829801.41,77.45921872,186463970.7,2336320,2011310,2327281.449,180,94070340,45777638.04
449,1148,77.02890743,187052170.6,0.981831847,1477627.191,78.01073927,188529797.8,2410240,1559145,2401088.329,181,94592953,46804395.37
450,1149,76.03292518,153657991.4,0.949054037,1897772.327,76.98197921,155555763.8,1975995,2002875,1976270.685,181,94592953,22073869.83
451,1150,45.85022712,119505625.1,0.524439037,954122.1052,46.37466615,120459747.2,2612925,1801590,2605424.726,182,95115566,-4770755.589
452,1151,76.6991958,186318131.5,0.980413649,1790982.555,77.67960945,188109114,2524830,1800400,2515564.872,182,95115566,45966269.51
453,1152,75.00161618,158076739,0.978656169,1826813.003,75.98027235,159903552,2017750,1907710,2014799.972,182,95115566,24812098.02
454,1153,73.55421861,171340153.6,0.978000026,1980312.434,74.53221864,173320466.1,2443420,2004380,2435519.623,182,95115566,34874783.55
455,1154,0,0,0,0,0,0,0,0,0,181,94592953,-94592953
456,1155,76.71081632,134205664.8,3.442756559,6028803.978,80.15357288,140234468.8,1967805,1739185,1949427.498,180,94070340,11105511.59
457,1156,0,0,0,0,0,0,0,0,0,179,93547727,-93547727
458,1157,76.92274761,125658742.9,3.389292043,6299993.51,80.31203966,131958736.4,1586865,1879640,1599026.055,179,93547727,5421325.286
459,1158,0,0,0,0,0,0,0,0,0,177,92502501,-92502501
460,1159,75.402581,153477185.2,3.38720352,7217789.657,78.78978452,160694974.8,1992340,2117500,1998458.524,176,91979888,28541343.13
461,1160,72.8925102,134736750.8,3.428673308,7270797.99,76.32118351,142007548.7,1814645,2133530,1829394.687,175,91457275,15048386.56
462,1161,77.25353143,132162810.7,0.960725931,1568580.069,78.21425736,133731390.8,1738100,1628970,1736311.953,174,90934662,9363881.111
463,1162,74.00296921,184295229.4,0.8992884,1721816.948,74.90225761,186017046.4,2388785,1904840,2383534.377,173,90412049,49100735.79
464,1163,75.86906726,206577295.4,3.377663928,6942792.322,79.24673119,213520087.7,2860620,2010610,2816839.852,171,89366823,70773242.8
465,1164,75.41673052,112808632.5,3.289497122,5079848.679,78.70622764,117888481.2,1498945,1548960,1499787.294,170,88844210,-427849.1165
466,1165,74.12270021,170759330.8,3.403853907,6394810.303,77.52655412,177154141.1,2324560,1919750,2303619.705,168,87798984,45066621.84
467,1166,73.80062653,215929127.2,0.961313038,1703726.5,74.76193956,217632853.7,2921800,1768305,2904030.339,167,87276371,75948269.26
468,1167,75.36608048,189113320.9,3.380018773,6209386.029,78.74609925,195322706.9,2441390,1813630,2416284.24,166,86753758,59738272.18
469,1168,72.69340312,139064330.8,3.411180418,6418583.544,76.10458354,145482914.3,1927380,1882895,1913834.693,164,85708532,23403653.72
470,1169,74.45790665,176162981.3,0.971523285,1998543.189,75.42942994,178161524.5,2315320,2101995,2312532.527,163,85185919,48435224.35
471,1170,74.10476047,166974256.1,3.418962591,6349738.678,77.52372306,173323994.8,2308215,1884015,2283829.998,162,84663306,45329690.09
472,1171,76.59857188,152189868.1,3.395485474,5865730.181,79.99405735,158055598.3,1972600,1711710,1959862.342,160,83618080,34923618.69
473,1172,76.02972662,122081119,0.973571053,2047831.712,77.00329767,124128950.7,1714510,2099125,1718523.625,159,83095467,10001246.05
474,1173,76.69303262,132022144,3.454999192,6754375.134,80.14803181,138776519.1,1647205,1972425,1665021.061,158,82572854,21509535.32
475,1174,76.76751379,162496562.5,0.958078058,1778022.676,77.72559184,164274585.2,2056250,1853565,2054630.68,156,81527628,41678310.89
476,1175,74.98513967,124135913.9,0.975895614,1852679.2,75.96103529,125988593.1,1645280,1883210,1649613.778,155,81005015,13486429.85
477,1176,77.70516649,145838137.4,3.420718799,6857569.644,81.12588529,152695707,1877295,1991465,1884500.768,153,79959789,34561991.25
478,1177,73.93494231,126079219.8,0.961282826,1687576.772,74.89622514,127766796.6,1722630,1772015,1723447.216,151,78914563,16910534.46
479,1178,73.66475711,138861018.6,3.443156953,6947413.984,77.10791406,145808432.6,1874355,2001230,1878934.294,149,77869337,31486987.47
480,1179,73.38915031,227296162.9,0.948384539,1721158.537,74.33753485,229017321.4,3039820,1758645,3023763.585,147,76824111,94938880.06
481,1180,74.50938947,156848623,3.371122958,5995173.413,77.88051243,162843796.4,2073540,1749965,2068254.17,145,75778885,46353962.29
482,1181,74.22165365,175332902.5,0.968395152,1903933.314,75.1900488,177236835.9,2376290,1976205,2370757.85,143,74733659,58193967.9
483,1182,78.4148776,162048106.8,0.146916757,312506.368,78.56179435,162360613.1,2004590,2087645,2005114.589,141,73688433,48082026.84
484,1183,75.91427605,133748983.8,3.417207392,5522213.237,79.33148344,139271197,1816255,1599920,1801123.441,139,72643207,31810190.75
485,1184,75.99664219,137850146.2,3.379382954,7196957.521,79.37602514,145047103.7,1799175,2091215,1816557.512,137,71597981,37187346.76
486,1185,75.49106001,120128003.4,0.963147924,2147078.278,76.45420794,122275081.6,1583225,2260580,1592487.402,135,70552755,21153556.22
487,1186,27.47480116,61511582.09,0.026502754,55779.95359,27.50130391,61567362.04,2122260,2095310,2122327.213,133,69507529,-23332007.47
488,1187,74.62208211,171589978.1,3.388954886,6165284.124,78.011037,177755262.2,2155895,1845725,2148411.789,131,68462303,64854143.68
489,1188,80.706557,244047582.1,0.956165934,1761237.987,81.66272294,245808820.1,3211845,1838515,3191124.784,130,67939690,116416925.1
490,1189,75.48942435,119737797,0.981745829,1576389.039,76.47117018,121314186.1,1632960,1642445,1630914.37,128,66894464,24091175.55
491,1190,79.10758765,129403585.9,3.395562607,7022770.964,82.50315026,136426356.9,1671705,2056145,1685053.408,127,66371851,35947916.64
492,1191,75.19644025,179919549.3,3.503476741,6330297.709,78.69991699,186249847,2463615,1802395,2426468.378,126,65849238,73838147.24
493,1192,76.28270265,169481800.1,3.356783711,7025999.254,79.63948636,176507799.3,2290260,2150295,2270534.422,125,65326625,67054224.5
494,1193,75.99025136,191979996.8,0.979462131,1934705.81,76.96971349,193914702.6,2418885,1984885,2414327.254,124,64804012,80632014.94
495,1194,73.71928901,163631022.7,3.390696065,6253615.909,77.10998508,169884638.6,2311015,1855805,2285497.069,123,64281399,63132079.94
496,1195,75.90230582,236506675,3.486854258,5837386.519,79.38916008,242344061.5,2869545,1700475,2825472.721,122,63758786,117999260.1
497,1196,76.64971886,164179960.2,0.945517751,1501193.871,77.59523661,165681154.1,2149805,1578640,2144864.707,121,63236173,61024692.55
498,1197,79.55966598,198230304.2,3.403054745,6652697.166,82.96272073,204883001.4,2467430,1915480,2444728.52,120,62713560,90948691.02
499,1198,73.6391647,139581756.9,3.384058072,7284570.655,77.02322278,146866327.5,1825110,2122540,1838968.908,119,62190947,47958798.63
500,1199,73.8542265,177434011.5,0.954395681,1795237.425,74.80862218,179229248.9,2379090,1905365,2370753.498,119,62190947,72230989.7
501,1200,16.15934907,36288932.61,0.138438814,273838.061,16.29778789,36562770.67,2195935,1964480,2194609.64,118,61668334,-34246255.99
502,1201,17.14599094,38282533.14,0.797689912,1400913.087,17.94368085,39683446.22,2313150,1712130,2282405.586,117,61145721,-31383136.33
503,1202,77.80846408,143367526,3.277529753,5300259.796,81.08599384,148667785.8,1899660,1631280,1884748.52,116,60623108,50877731.38
504,1203,63.09760766,114720498.3,3.048305451,5114040.498,66.14591311,119834538.8,1844990,1659070,1836497.071,116,60623108,29252796.07
505,1204,16.10387809,37538452.57,0.144491412,229719.537,16.2483695,37768172.11,2262190,1599325,2256489.513,115,60100495,-31774365.92
506,1205,79.27548166,173779391.9,3.366943742,6311491.963,82.6424254,180090883.9,2233385,1878065,2216027.735,114,59577882,75490280.89
507,1206,17.89171522,37900009.8,0.185750574,361475.1594,18.0774658,38261484.96,2151870,1962485,2148724.272,114,59577882,-30881768.28
508,1207,16.15466427,33365228.51,0.144878458,224205.0504,16.29954272,33589433.56,2113790,1570800,2107317.32,113,59055269,-33863193.83
509,1208,72.82575132,143025603.4,0.959356303,1879618.402,73.78510763,144905221.8,2013550,1955485,2012948.654,112,58532656,50146260.37
510,1209,63.54294148,85548739.17,2.683125878,5144889.953,66.22606735,90693629.12,1287685,1911000,1317077.813,112,58532656,9487565.84
511,1210,17.05993337,43063940.38,0.807187447,1362404.772,17.86712082,44426345.15,2485805,1675275,2453342.115,111,58010043,-24690284.14
512,1211,77.30258888,138796444,3.239687008,6132225.276,80.54227588,144928669.3,1738485,1903475,1744244.771,111,58010043,50686458.96
513,1212,75.74608045,171914125.6,3.415309385,5719915.31,79.16138984,177634041,2171155,1650355,2158165.318,111,58010043,75215487.72
514,1213,75.04277281,114328619.9,3.39542343,6708884.303,78.43819624,121037504.2,1470175,1975120,1495920.781,111,58010043,32768085.15
515,1214,76.32337502,160449930.7,3.417968283,8455143.101,79.74134331,168905073.8,2097305,2430435,2117142.072,111,58010043,68668762.34
516,1215,25.0265213,53683215.06,0.026178794,52545.35695,25.0527001,53735760.41,2108715,1987265,2108693.45,112,58532656,-18230835.69
517,1216,77.58931452,176126527.1,0.960780424,2002369.103,78.55009495,178128896.2,2266810,2088975,2264702.203,112,58532656,75064016.13
518,1217,0,0,0,0,0,0,0,0,0,113,59055269,-59055269
519,1218,0,0,0,0,0,0,0,0,0,113,59055269,-59055269
520,1219,72.90972951,229482740.7,3.376409326,7523336.632,76.28613884,237006077.3,2944480,2299745,2918429.16,113,59055269,118699289
521,1220,77.88972241,110154615.2,3.390943586,6363134.819,81.280666,116517750,1381835,1850730,1402771.403,113,59055269,28333043.53
522,1221,74.89614591,147445613.5,0.958509232,2045648.373,75.85465514,149491261.8,1949430,2136575,1952889.242,113,59055269,53063177.38
523,1222,74.83103114,134053812,3.366956072,5605945.494,78.19798721,139659757.5,1763895,1696415,1761338.075,113,59055269,45689549.11
524,1223,79.77673777,184941027.8,3.404053236,6414037.445,83.18079101,191355065.3,2229955,1903860,2222303.133,113,59055269,84461029.95
525,1224,75.64569083,100157385.5,0.976566399,2231733.679,76.62225723,102389119.2,1271515,2275700,1286914.422,112,58532656,18259183.39
526,1225,79.21522645,179997068.1,0.979271476,1794251.53,80.19449793,181791319.6,2327990,1824620,2321177.925,112,58532656,77810833.69
527,1226,75.05869493,131380488.2,0.964899623,1952366.568,76.02359455,133332854.8,1829275,2057090,1829736.193,111,58010043,41989598.1
528,1227,0,0,0,0,0,0,0,0,0,109,56964817,-56964817
529,1228,74.61790431,159390116.8,3.449320824,6908475.284,78.06722513,166298592.1,2159815,2018695,2151906.283,108,56442204,68281740.09
530,1229,74.24808777,175304332.6,0.971398093,1759296.987,75.21948586,177063629.6,2353750,1781500,2346195.316,106,55396978,77400744.16
531,1230,37.75628607,67279789,1.294224897,2245424.709,39.05051097,69525213.71,1902705,1718010,1892871.303,105,54874365,-2730454.716
532,1231,77.14191667,191137739.5,3.474758166,6592199.813,80.61667483,197729939.4,2481045,1877575,2453683.893,103,53829139,94468315.52
533,1232,77.772921,163668298.1,0.967686351,1565801.785,78.74060735,165234099.9,2175705,1601460,2167718.54,101,52783913,71141661.91
534,1233,25.44935735,34240062.03,0.016975718,33105.75147,25.46633307,34273167.79,1436610,1942115,1436914.669,100,52261300,-26556424.16
535,1234,73.52214095,165788119.2,0.932979185,1716293.892,74.45512013,167504413.1,2157505,1836800,2153389.565,98,51216074,74412235.81
536,1235,79.49086368,199946835.5,0.972393397,1882056.906,80.46325707,201828892.4,2523920,1970150,2515299.642,96,50170848,101200821.3
537,1236,76.42851069,136742890.6,0.145871999,280460.3785,76.57438269,137023351,1895845,1940330,1895703.71,94,49125622,53641891.27
538,1237,74.14305541,148688757.5,0.961050809,1560677.85,75.10410622,150249435.3,1966055,1674085,1963901.479,92,48080396,64606680.48
539,1238,74.89154598,144766145.9,3.39927435,6906093.603,78.29082033,151672239.5,1850555,2023140,1858995.305,90,47035170,66719009.59
540,1239,77.43588815,131398567.1,0.965959187,1847026.865,78.40184733,133245594,1754095,1948275,1756535.676,88,45989944,53944251.46
541,1240,74.28908154,161854922.8,0.942767057,2070410.098,75.2318486,163925332.9,2231880,2169685,2230063.763,86,44944718,77999281.67
542,1241,76.39319697,132306577.9,3.299821446,5457882.246,79.69301842,137764460.1,1734635,1714055,1735900.594,84,43899492,59423853.11
543,1242,70.86968533,179671371.5,0.939198509,1647667.936,71.80888384,181319039.4,2768185,1749895,2750396.553,81,42331653,93657626.54
544,1243,74.06271707,204484384.1,0.9766679,1934771.072,75.03938497,206419155.1,2890615,2011275,2875913.934,79,41286427,113527939.4
545,1244,76.39735141,98347982.43,0.952775772,2052242.551,77.35012718,100400225,1336265,2126285,1345614.257,77,40241201,35058967.74
546,1245,0,0,0,0,0,0,0,0,0,75,39195975,-39195975
547,1246,76.31511346,138235628.5,0.963122865,2061268.607,77.27823632,140296897.1,1909040,2117045,1911148.126,73,38150749,67071923.8
548,1247,59.24215276,128884634.2,0.126908628,284018.2632,59.36906139,129168652.4,2228555,2213610,2228535.34,71,37105523,59770966.32
549,1248,76.71296072,179060091.1,0.961807237,1811773.171,77.67476796,180871864.3,2406390,1889125,2400715.928,68,35537684,100116214.2
550,1249,75.92364893,165400771.3,0.958172045,1785082.862,76.88182098,167185854.2,2055200,1882055,2053550.767,66,34492458,90896932.65
551,1250,79.46111866,155369198.4,0.956036948,1522269.649,80.41715561,156891468,1953000,1582315,1948252.929,64,33447232,84221369.02
