Year,difference,cal_remain_lag_one,cal_remain_lag_two,cal_remain_lag_three,accumulated_cal
700,85646487.54,77081838.79,55670216.9,17129297.51,85646487.54
701,79931736.33,71938562.7,51955628.62,15986347.27,157013575.1
702,128503329,115652996.1,83527163.83,25700665.79,256112108.6
703,87694403.28,78924962.95,57001362.13,17538880.66,272432325.5
704,-33969845,0,0,0,144468629
705,80208193.92,72187374.53,52135326.05,16041638.78,162910221.9
706,52019657.43,46817691.69,33812777.33,10403931.49,141745912.6
707,103706843.6,93336159.23,67409448.33,20741368.72,202659861.3
708,122387906.4,110149115.8,79552139.18,24477581.29,265578481.8
709,95920898.61,86328808.75,62348584.1,19184179.72,283883394.2
710,76829193.12,69146273.81,49938975.53,15365838.62,263451509.8
711,103071387.6,92764248.81,66996401.92,20614277.51,259043826.8
712,103325536.1,92992982.52,67161598.48,20665107.23,265212940.2
713,103063778.8,92757400.88,66991456.19,20612755.75,278419001.8
714,107565354.5,96808819.08,69917480.44,21513070.91,288098631.4
715,75453526.58,67908173.92,49044792.28,15090705.32,259918909.1
716,115527480.1,103974732,75092862.03,23105496.01,273965890.2
717,89867878.01,80881090.21,58414120.71,17973575.6,264400473.2
718,126486685,113838016.5,82216345.24,25297337,297551342.5
719,78791475.86,70912328.27,51214459.31,15758295.17,274149109.1
720,78757427.8,70881685.02,51192328.07,15751485.56,249859676.9
721,80639807.31,72575826.58,52415874.75,16127961.46,228033288.6
722,65970353.68,59373318.31,42880729.89,13194070.74,205496803.5
723,69013123.11,62111810.8,44858530.02,13802624.62,196553801.7
724,93771964.09,84394767.68,60951776.66,18754392.82,214892466.2
725,96387640.6,86748876.54,62651966.39,19277528.12,238835009
726,87529185.2,78776266.68,56893970.38,17505837.04,249032463
727,36671117.34,33004005.61,23836226.27,7334223.469,196853743.2
728,106487627.6,95838864.81,69216957.92,21297525.51,215663131.7
729,76171931.6,68554738.44,49511755.54,15234386.32,213352859.7
730,65383608.62,58845247.76,42499345.61,13076721.72,210489528.5
731,85628137.81,77065324.03,55658289.58,17125627.56,215282666.6
732,84519300.91,76067370.82,54937545.59,16903860.18,219318356.9
733,61860590.9,55674531.81,40209384.08,12372118.18,206662973
734,54136245.97,48722621.37,35188559.88,10827249.19,181873950.9
735,82344061.88,74109655.69,53523640.22,16468812.38,188179927.5
736,88824830.87,79942347.79,57736140.07,17764966.17,210495164.6
737,99301291.62,89371162.46,64545839.55,19860258.32,243594528.8
738,-34492458,0,0,0,129083656.9
739,98424530.45,88582077.41,63975944.79,19684906.09,180735336.2
740,71003921.75,63903529.57,46152549.14,14200784.35,179446257.5
741,100721503.1,90649352.81,65468977.03,20144300.62,228600977.5
742,77405851.64,69665266.47,50313803.56,15481170.33,233892659.7
743,67385872.5,60647285.25,43800817.13,13477174.5,216720900.4
744,113414768,102073291.2,73719599.22,22682953.61,244520157.5
745,84592107.16,76132896.44,54984869.65,16918421.43,245947385.8
746,62352625.51,56117362.96,40529206.58,12470525.1,225682295.7
747,95614009.52,86052608.57,62149106.19,19122801.9,229399195.7
748,93387877.88,84049090.09,60702120.62,18677575.58,236888114.5
749,82077632.25,73869869.03,53350460.97,16415526.45,240746353.6
750,-34492458,0,0,0,119202333.6
751,-34492458,0,0,0,37535578.54
752,99921581.52,89929423.37,64949027.99,19984316.3,116337108
753,49949742.35,44954768.11,32467332.53,9989948.469,139879165.7
754,73055027.82,65749525.03,47485768.08,14611005.56,182958823.9
755,87808853.53,79027968.17,57075754.79,17561770.71,206010027.4
756,98958610.78,89062749.7,64323097.01,19791722.16,235462295.5
757,131863186.1,118676867.5,85711070.99,26372637.23,292612696.2
758,83546978.63,75192280.76,54305536.11,16709395.73,284108713.9
759,101651082.2,91485973.99,66073203.44,20330216.44,282346156.1
760,88440745.22,79596670.7,57486484.39,17688149.04,260604892.6
761,-35015071,0,0,0,127364198.9
762,98130564.19,88317507.77,63784866.72,19626112.84,175947265
763,115806267.7,104225641,75274074.02,23161253.54,221811924.5
764,77161385.88,69445247.3,50154900.83,15432277.18,245171893.6
765,100424429.1,90381986.15,65275878.89,20084885.81,264769863.2
766,87575986.78,78818388.1,56924391.41,17515197.36,251274127.3
767,81950282.06,73755253.86,53267683.34,16390056.41,241476826.2
768,93473042.35,84125738.12,60757477.53,18694608.47,244237573.4
769,53973755.52,48576379.96,35082941.09,10794751.1,208882374.3
770,88048119.41,79243307.47,57231277.61,17609623.88,213772033.3
771,90942409.86,81848168.87,59112566.41,18188481.97,223963266.9
772,108415617.5,97574055.74,70470151.37,21683123.5,258289815.1
773,129034137,116130723.3,83872189.07,25806827.41,303330383.1
774,12394691.95,11155222.76,8056549.77,2478938.391,217184048.6
775,64630552.6,58167497.34,42009859.19,12926110.52,181341087.9
776,69017191.14,62115472.03,44861174.24,13803438.23,161048065.7
777,96203032.33,86582729.09,62531971.01,19240606.47,202807301.9
778,25765481.54,23188933.38,16747563,5153096.307,170135495.4
779,-32924619,0,0,0,66599723.62
780,100950261.7,90855235.56,65617670.13,20190052.35,136938431.2
781,65295894.25,58766304.82,42442331.26,13059178.85,161304226.1
782,93460201.61,84114181.45,60749131.04,18692040.32,217844176.6
783,106485077.7,95836569.97,69215300.53,21297015.55,253231642.8
784,83340067.54,75006060.78,54171043.9,16668013.51,252984947.4
785,83550308.28,75195277.45,54307700.38,16710061.66,246463709.9
786,99046117.83,89141506.05,64379976.59,19809223.57,249709454.7
787,89213854.93,80292469.44,57989005.7,17842770.99,249331074.9
788,86991528.94,78292376.05,56544493.81,17398305.79,248374036.6
789,98635777.29,88772199.56,64113255.24,19727155.46,254726382.6
790,1669035.01,1502131.509,1084872.756,333807.002,164828499.4
791,80970761.56,72873685.41,52630995.02,16194152.31,163984454.1
792,105296076.3,94766468.7,68442449.62,21059215.27,198981790
793,86091522.65,77482370.38,55959489.72,17218304.53,233822793.4
794,80722619.52,72650357.56,52469702.69,16144523.9,242841591.8
795,103672609,93305348.07,67387195.83,20734521.79,253341671.5
796,21281068.6,19152961.74,13832694.59,4256213.72,184274423.9
797,134982311.9,121484080.7,87738502.71,26996462.37,237666993.3
798,40547110.42,36492399.37,26355621.77,8109422.083,196598407.5
799,150981142.9,135883028.6,98137742.87,30196228.58,279468258.7
800,143679277.1,129311349.4,93391530.11,28735855.42,332914389.8
801,81209214.74,73088293.26,52785989.58,16241842.95,316767729.1
802,112434076.1,101190668.5,73082149.49,22486815.23,309110128.1
803,86715486.94,78043938.24,56365066.51,17343097.39,269428000.5
804,16002426.9,14402184.21,10401577.48,3200485.379,183370357.6
805,93641546.22,84277391.59,60867005.04,18728309.24,186895612.2
806,92059535.38,82853581.84,59838698,18411907.08,204081601.8
807,123843930.7,111459537.6,80498554.96,24768786.14,270765003
808,-20381907,0,0,0,169644637.9
809,-19859294,0,0,0,79051168.03
810,-19859294,0,0,0,4909492.141
811,180703464.6,162633118.1,117457252,36140692.91,180703464.6
812,83109528.62,74798575.75,54021193.6,16621905.72,245742646.7
813,130885534.7,117796981.2,85075597.54,26177106.93,323141362.4
814,138828012.1,124945210.9,90238207.85,27765602.42,346786879.8
815,90650300.96,81585270.86,58922695.62,18130060.19,317293015.1
816,123307056.4,110976350.8,80149586.69,24661411.29,321307642.1
817,26970142.25,24273128.02,17530592.46,5394028.449,224634791.1
818,141580143.4,127422129,92027093.2,28316028.68,264132918.3
819,-16723616,0,0,0,152890516.8
820,91008816.75,81907935.08,59155730.89,18201763.35,188429938.4
821,116100778.7,104490700.8,75465506.13,23220155.73,226324742.4
822,96178002.7,86560202.43,62515701.76,19235600.54,259824434.4
823,70736829.44,63663146.5,45978939.14,14147365.89,250964301.3
824,93413834.76,84072451.29,60718992.6,18682766.95,242812838.7
825,116096937.4,104487243.7,75463009.33,23219387.49,265383928.4
826,105432507.3,94889256.57,68531129.75,21086501.46,284786109.5
827,85489156.59,76940240.93,55567951.79,17097831.32,274524189.4
828,164342611.8,147908350.6,106822697.7,32868522.36,333033370
829,120723358.4,108651022.5,78470182.95,24144671.68,345286162.3
830,124251564,111826407.6,80763516.63,24850312.81,356823115.6
831,121709886.4,109538897.8,79111426.19,24341977.29,344874999.4
832,108784812.1,97906330.91,70710127.88,21756962.43,323231898.2
833,68993967.29,62094570.56,44846078.74,13798793.46,270862037.2
834,87242377.87,78518140.09,56707545.62,17448475.57,244389053.6
835,156704485.2,141034036.6,101857915.4,31340897.03,301825666.4
836,88475859.6,79628273.64,57509308.74,17695171.92,300016235.3
837,96089463.37,86480517.03,62458151.19,19217892.67,295024127.9
838,153713219.7,138341897.7,99913592.78,30742643.93,329043942.5
839,135632043.4,122068839.1,88160828.22,27126408.68,354127264.2
840,175951630.7,158356467.6,114368560,35190326.14,417151955.2
841,111806984.8,100626286.4,72674540.14,22361396.97,389066924.6
842,160619042.5,144557138.2,104402377.6,32123808.5,402740297.5
843,89165132.66,80248619.39,57957336.23,17833026.53,341587137.2
844,95814603.64,86233143.27,62279492.36,19162920.73,302826997.6
845,140370859.9,126333773.9,91241058.93,28074171.98,316685147.9
846,139099892,125189902.8,90414929.8,27819978.4,345546184.8
847,132039847.4,118835862.6,85825900.78,26407969.47,367633729.8
848,107738647.7,96964782.89,70030120.97,21547729.53,345063612
849,122004960.5,109804464.5,79303224.34,24400992.1,332615622.6
850,114010230,102609207,74106649.52,22802046.01,320252785
851,138054696.4,124249226.7,89735552.65,27610939.28,341514857.3
852,139432320.1,125489088.1,90631008.09,27886464.03,362189188.5
853,129350631.1,116415568,84077910.24,25870126.23,367377317.9
854,82812828.2,74531545.38,53828338.33,16562565.64,317470343.6
855,144347898.5,129913108.6,93826134,28869579.69,330843818.1
856,138764943.2,124888448.9,90197213.08,27752988.64,348376516.4
857,106407873.6,95767086.21,69165117.82,21281574.71,341685022.1
858,101804626.9,91624164.2,66173007.48,20360925.38,316638505.9
859,95561712.28,86005541.05,62115112.98,19112342.46,284103982.9
860,108550443.8,97695399.44,70557788.49,21710088.76,282010567.1
861,110080461,99072414.91,71552299.66,22016092.2,290251898.8
862,112582518.7,101324266.9,73178637.17,22516503.75,301325064.6
863,144209871.8,129788884.7,93736416.69,28841974.37,338796527.1
864,64535210.69,58081689.62,41947886.95,12907042.14,289518824.7
865,-20381907,0,0,0,153952703.1
866,96282961.18,86654665.06,62583924.77,19256592.24,167072822.5
867,139128060.2,125215254.2,90433239.11,27825612.03,238689767.4
868,106816855.4,96135169.86,69430956.01,21363371.08,294616034.3
869,99822270.81,89840043.73,64884476.03,19964454.16,305647272
870,141234844.4,127111359.9,91802648.84,28246968.88,328331456.2
871,79055511.42,71149960.28,51386082.42,15811102.28,292414718.5
872,94055067.85,84649561.06,61135794.1,18811013.57,276972131.1
873,165776165,149198548.5,107754507.2,33155233,330058777.3
874,87158843.63,78442959.27,56653248.36,17431768.73,313304288.5
875,105638004.5,95074204.01,68664702.89,21127600.89,310646484.5
876,135239688.7,121715719.8,87905797.63,27047937.73,320122374
877,102638592.5,92374733.24,66715085.12,20527718.5,310450783.9
878,90016483.63,81014835.27,58510714.36,18003296.73,291424615.4
879,113788894.5,102410005,73962781.41,22757778.9,288566752.6
880,54592627.64,49133364.87,35485207.96,10918525.53,236041065.5
881,107234549.4,96511094.47,69702457.12,21446909.88,248333992.4
882,74571859.39,67114673.45,48471708.6,14914371.88,229325940.7
883,74127826.13,66715043.51,48183086.98,14825565.23,221863482.2
884,107191783.2,96472604.89,69674659.09,21438356.64,243825445.2
885,82165623,73949060.7,53407654.95,16433124.6,241735686.8
886,89183845.74,80265461.17,57969499.73,17836769.15,247633130.8
887,94341822.58,84907640.32,61322184.67,18868364.52,249453295.3
888,117013825.4,105312442.9,76058986.52,23402765.08,276324090.1
889,98523955.06,88671559.56,64040570.79,19704791.01,282995351.8
890,85907929.62,77317136.65,55840154.25,17181585.92,269506840.2
891,74429189.27,66986270.34,48378973.02,14885837.85,239189661.8
892,84400002.11,75960001.9,54860001.37,16880000.42,226931217.7
893,63270859.59,56943773.63,41126058.73,12654171.92,204791420.4
894,97255793.66,87530214.29,63216265.88,19451158.73,223945406.5
895,71808160.08,64627344.07,46675304.05,14361632.02,217344433.5
896,56318874.97,50686987.47,36607268.73,11263774.99,196816656.8
897,58228920.25,52406028.23,37848798.16,11645784.05,175042370.5
898,65162011.57,58645810.42,42355307.52,13032402.31,168536940.5
899,88651552.83,79786397.54,57623509.34,17730310.57,196409936.4
900,40861839.61,36775655.65,26560195.75,8172367.922,174649328.7
901,57337435.73,51603692.15,37269333.22,11467487.15,164769003
902,99228103.35,89305293.02,64498267.18,19845620.67,195122301.8
903,-34820813.46,0,0,0,99926180.7
904,46574954.71,41917459.24,30273720.56,9314990.942,122540709
905,73683187.85,66314869.07,47894072.1,14736637.57,135446267.8
906,55424742.29,49882268.06,36026082.49,11084948.46,152013331.9
907,73248822.14,65923939.92,47611734.39,14649764.43,180340153.2
908,50277888.18,45250099.36,32680627.32,10055577.64,166964548.2
909,50366744.72,45330070.25,32738384.07,10073348.94,154313526.9
910,-61145721,0,0,0,31514740.99
911,46150538.96,41535485.07,29997850.32,9230107.792,88944500.66
912,64222748.35,57800473.52,41744786.43,12844549.67,115831582.4
913,54596809.98,49137128.98,35487926.49,10919362,142395133.8
914,22194952.46,19975457.21,14426719.1,4438990.492,122306975.7
915,61273284.19,55145955.77,39827634.72,12254656.84,129581217.6
916,43374768.62,39037291.75,28193599.6,8674953.723,123866805.5
917,62342563.43,56108307.09,40522666.23,12468512.69,145646480.4
918,35191903.58,31672713.22,22874737.32,7038380.715,131748467.1
919,58447459.81,52602713.83,37990848.88,11689491.96,139317793
920,35012268.45,31511041.6,22757974.49,7002453.689,122958232.3
921,46073025.31,41465722.78,29947466.45,9214605.062,122613296.5
922,54849096.74,49364187.07,35651912.88,10969819.35,130762286
923,-38591946.55,0,0,0,47722160.67
924,-70552755,0,0,0,-25686237.05
925,44413991.79,39972592.61,28869094.66,8882798.358,55383811.14
926,47512543.51,42761289.16,30883153.28,9502508.701,87485136.12
927,77542199.24,69787979.31,50402429.5,15508439.85,149172583.1
928,46191214.17,41572092.75,30024289.21,9238242.834,155745145.1
929,43529300.76,39176370.68,28294045.49,8705860.151,145006331.7
930,76020568.67,68418511.81,49413369.64,15204113.73,160729668.4
931,2673436.86,2406093.174,1737733.959,534687.372,108624237
932,66878415.67,60190574.1,43470970.18,13375683.13,127403738.6
933,65085140.82,58576626.74,42305341.53,13017028.16,142217562.6
934,40535330.73,36481797.65,26347964.97,8107066.145,143117615
935,86137755.99,77523980.39,55989541.39,17227551.2,178300578.3
936,67070179.79,60363161.81,43595616.87,13414035.96,183959153.3
937,37424071.95,33681664.76,24325646.77,7484814.39,161883841.3
938,45333426.86,40800084.18,29466727.46,9066685.373,139838259.7
939,37867773.47,34080996.12,24614052.75,7573554.694,116407540.4
940,4453538.577,4008184.72,2894800.075,890707.7155,75486076.55
941,62044975.92,55840478.33,40329234.35,12408995.18,99733898.76
942,26940600.06,24246540.05,17511390.04,5388120.011,93249433.15
943,22168080.93,19951272.83,14409252.6,4433616.185,87634563.04
944,-77346724,0,0,0,-27475065.95
945,27403152.16,24662836.95,17812048.91,5480630.432,47200524.77
946,46580723.7,41922651.33,30277470.4,9316144.74,75677176.83
947,64219178.25,57797260.43,41742465.86,12843835.65,123953878.5
948,62713606.83,56442246.15,40763844.44,12542721.37,156268968.1
949,40773370.13,36696033.12,26502690.59,8154674.027,148274226.9
950,35073437.91,31566094.12,22797734.64,7014687.583,125377151.1
951,5707673.928,5136906.535,3709988.053,1141534.786,76319180
952,31332722.66,28199450.39,20366269.73,6266544.532,67422037.87
953,33909636.22,30518672.6,22041263.54,6781927.244,72833762.25
954,-79959789,0,0,0,-27933311.89
955,33225254.42,29902728.98,21596415.37,6645050.884,61533062.49
956,57582902.68,51824612.41,37428886.74,11516580.54,94267558.9
957,22537401.34,20283661.21,14649310.87,4507480.269,95958429.13
958,14134279.15,12720851.23,9187281.447,2826855.83,78491877.99
959,7024356.024,6321920.422,4565831.416,1404871.205,45911098.67
960,34388868.15,30949981.34,22352764.3,6877773.63,54405550.29
961,74467795.28,67021015.75,48404066.93,14893559.06,112810463.9
962,19544001.02,17589600.92,12703600.66,3908800.205,110322652.3
963,8489162.894,7640246.604,5517955.881,1697832.579,81360604.38
964,59746424.86,53771782.38,38835176.16,11949284.97,94983831.19
965,27857510.99,25071759.89,18107382.14,5571502.197,91056049.45
966,-8938332.311,0,0,0,56666436.32
967,-17604191.48,0,0,0,12452475.63
968,-20235732.56,0,0,0,-14664230.36
969,26123799.25,23511419.33,16980469.52,5224759.851,26123799.25
970,44425049.41,39982544.47,28876282.12,8885009.882,67936468.74
971,10009481.17,9008533.052,6506162.759,2001896.234,66972495.15
972,997420.7789,897678.701,648323.5063,199484.1558,44106995.8
973,43173903.38,38856513.04,28063037.2,8634780.675,59462754.72
974,-17390766.94,0,0,0,24115965.84
975,-110271343,0,0,0,-82008821.65
976,20534709.1,18481238.19,13347560.91,4106941.819,29169489.77
977,-42075250.51,0,0,0,-23594012.32
978,15113828.99,13602446.09,9823988.841,3022765.797,28461389.9
979,914743.3404,823269.0063,594583.1712,182948.6681,18624131.25
980,-121768829,0,0,0,-111121571.2
981,-123859281,0,0,0,-120241932
982,-14150466.52,0,0,0,-13967517.85
983,2924315.321,2631883.788,1900804.958,584863.0641,2924315.321
984,-18072165.57,0,0,0,-15440281.78
985,-16334786.19,0,0,0,-14433981.23
986,-15506199.04,0,0,0,-14921335.98
987,16969084.22,15272175.8,11029904.74,3393816.844,16969084.22
988,-28325799.82,0,0,0,-13053624.02
989,-33169677.76,0,0,0,-22139773.02
990,-128493876.2,0,0,0,-125100059.3
991,-60877799.05,0,0,0,-60877799.05
992,-60974419.73,0,0,0,-60974419.73
993,-43995106.2,0,0,0,-43995106.2
994,-11655353.52,0,0,0,-11655353.52
995,-20000123.94,0,0,0,-20000123.94
996,612844.1104,551559.6994,398348.6718,122568.8221,612844.1104
997,-57191389.58,0,0,0,-56639829.88
998,-69059586.5,0,0,0,-68661237.82
999,-28220251.38,0,0,0,-28097682.56
1000,-32259468.4,0,0,0,-32259468.4
1001,-49435067.04,0,0,0,-49435067.04
1002,-48337339.27,0,0,0,-48337339.27
1003,-62098534.53,0,0,0,-62098534.53
1004,-35418591.92,0,0,0,-35418591.92
1005,-161487417,0,0,0,-161487417
1006,-94389439.1,0,0,0,-94389439.1
1007,-6611971.431,0,0,0,-6611971.431
1008,-133108376.9,0,0,0,-133108376.9
1009,-40498106.48,0,0,0,-40498106.48
1010,-64402930.6,0,0,0,-64402930.6
1011,-67771995.97,0,0,0,-67771995.97
1012,-34739657.34,0,0,0,-34739657.34
1013,-46306213.95,0,0,0,-46306213.95
1014,-57621506.8,0,0,0,-57621506.8
1015,-60571254.15,0,0,0,-60571254.15
1016,-74766554.93,0,0,0,-74766554.93
1017,-28371407.44,0,0,0,-28371407.44
1018,-59275926.45,0,0,0,-59275926.45
1019,-55320474.63,0,0,0,-55320474.63
1020,-22621510.72,0,0,0,-22621510.72
1021,-44054681.86,0,0,0,-44054681.86
1022,-41399077.67,0,0,0,-41399077.67
1023,-89540984.48,0,0,0,-89540984.48
1024,-24724684.7,0,0,0,-24724684.7
1025,-57673344.96,0,0,0,-57673344.96
1026,-72058587.71,0,0,0,-72058587.71
1027,-14226052.2,0,0,0,-14226052.2
1028,-34077762.64,0,0,0,-34077762.64
1029,-43770498.84,0,0,0,-43770498.84
1030,-62440985.65,0,0,0,-62440985.65
1031,-130651802.2,0,0,0,-130651802.2
1032,-50018453.66,0,0,0,-50018453.66
1033,-69514495.98,0,0,0,-69514495.98
1034,-44360433.99,0,0,0,-44360433.99
1035,-158874352,0,0,0,-158874352
1036,-38267415.56,0,0,0,-38267415.56
1037,-40977520.9,0,0,0,-40977520.9
1038,-49318320.23,0,0,0,-49318320.23
1039,-29236883.32,0,0,0,-29236883.32
1040,-51882051.21,0,0,0,-51882051.21
1041,-64941527.34,0,0,0,-64941527.34
1042,-46499900.22,0,0,0,-46499900.22
1043,-156261287,0,0,0,-156261287
1044,-54990609.62,0,0,0,-54990609.62
1045,-22728358.71,0,0,0,-22728358.71
1046,-151565307.2,0,0,0,-151565307.2
1047,-28480114.07,0,0,0,-28480114.07
1048,-25936415.85,0,0,0,-25936415.85
1049,-46795988.8,0,0,0,-46795988.8
1050,-27036071.35,0,0,0,-27036071.35
1051,-37887332.48,0,0,0,-37887332.48
1052,-79050449.36,0,0,0,-79050449.36
1053,-15011376.74,0,0,0,-15011376.74
1054,-31910414.65,0,0,0,-31910414.65
1055,-35135692.39,0,0,0,-35135692.39
1056,-55220694.67,0,0,0,-55220694.67
1057,-62755491.19,0,0,0,-62755491.19
1058,-45450152.67,0,0,0,-45450152.67
1059,13684759.73,12316283.76,8895093.824,2736951.946,13684759.73
1060,-33572716.91,0,0,0,-21256433.16
1061,-55069866.36,0,0,0,-46174772.53
1062,-46774627.63,0,0,0,-44037675.69
1063,-61090358.41,0,0,0,-61090358.41
1064,-21997640.48,0,0,0,-21997640.48
1065,-12991866.54,0,0,0,-12991866.54
1066,-42820029.74,0,0,0,-42820029.74
1067,-147899479,0,0,0,-147899479
1068,-147376866,0,0,0,-147376866
1069,-50444807.43,0,0,0,-50444807.43
1070,-19111693.65,0,0,0,-19111693.65
1071,-23619996.59,0,0,0,-23619996.59
1072,-10134899.73,0,0,0,-10134899.73
1073,-43370834.56,0,0,0,-43370834.56
1074,13758080.03,12382272.02,8942752.016,2751616.005,13758080.03
1075,-56853434.7,0,0,0,-44471162.68
1076,-54229809.08,0,0,0,-45287057.06
1077,-43172226.82,0,0,0,-40420610.82
1078,-26594047.74,0,0,0,-26594047.74
1079,-19808032.58,0,0,0,-19808032.58
1080,-12239847.28,0,0,0,-12239847.28
1081,-22086454.81,0,0,0,-22086454.81
1082,-28552950.56,0,0,0,-28552950.56
1083,-15076648.74,0,0,0,-15076648.74
1084,-31975273.79,0,0,0,-31975273.79
1085,17733639.61,15960275.65,11526865.75,3546727.923,17733639.61
1086,4728919.499,4256027.549,3073797.674,945783.8998,20689195.15
1087,-19926097.47,0,0,0,-4143204.176
1088,-22110414.57,0,0,0,-15489888.97
1089,-20686797.27,0,0,0,-19741013.37
1090,-11981815.7,0,0,0,-11981815.7
1091,-126472346,0,0,0,-126472346
1092,-7418514.465,0,0,0,-7418514.465
1093,19879981.74,17891983.57,12921988.13,3975996.349,19879981.74
1094,-122814055,0,0,0,-104922071.4
1095,-432494.4637,0,0,0,12489493.67
1096,-18795944.67,0,0,0,-14819948.32
1097,-837514.3896,0,0,0,-837514.3896
1098,-101599004.9,0,0,0,-101599004.9
1099,-9461689.334,0,0,0,-9461689.334
1100,34741100.02,31266990.01,22581715.01,6948220.003,34741100.02
1101,-47213157.83,0,0,0,-15946167.82
1102,-5265021.078,0,0,0,17316693.93
1103,6387817.126,5749035.414,4152081.132,1277563.425,13336037.13
1104,12335971.6,11102374.44,8018381.539,2467194.32,18085007.01
1105,-202442.4044,0,0,0,15052013.17
1106,46316674.15,41685006.73,30105838.19,9263334.829,55612619.11
1107,26352258.11,23717032.3,17128967.77,5270451.622,70504459.16
1108,17158123.97,15442311.57,11152780.58,3431624.794,70980994.46
1109,7113839.407,6402455.466,4623995.614,1422767.881,48948453.58
1110,33404919.63,30064427.67,21713197.76,6680983.926,56230607.3
1111,6778473.372,6100626.035,4406007.692,1355694.674,44898521.45
1112,27548594.78,24793735.3,17906586.61,5509718.956,56785186.45
1113,36511047.4,32859942.66,23732180.81,7302209.48,72391774.32
1114,-55148030.68,0,0,0,-3025806.737
1115,543660.326,489294.2934,353379.2119,108732.0652,29785560.09
1116,29256027.87,26330425.08,19016418.11,5851205.573,37047531.64
1117,12920301.04,11628270.94,8398195.679,2584060.209,39604105.34
1118,-66899219.5,0,0,0,-36145798.38
1119,3173357.881,2856022.093,2062682.623,634671.5762,17422759.13
1120,-7102969.004,0,0,0,-1662886.702
1121,-75980219.38,0,0,0,-73917536.76
1122,3424872.424,3082385.182,2226167.076,684974.4849,4059544.001
1123,9028478.053,8125630.247,5868510.734,1805695.611,12110863.23
1124,29639830.34,26675847.3,19265889.72,5927966.067,39991627.66
1125,38793357.58,34914021.82,25215682.43,7758671.516,72022690.1
1126,-93547727,0,0,0,-37562119.85
1127,42154447.22,37939002.5,27400390.69,8430889.444,73298095.71
1128,7937259.03,7143533.127,5159218.369,1587451.806,53634933.04
1129,37363452.99,33627107.7,24286244.45,7472690.599,71907376.81
1130,34069252.92,30662327.63,22145014.4,6813850.584,81286468.43
1131,16539224.59,14885302.13,10750495.98,3307844.917,73075248.47
1132,-92502501,0,0,0,-47999493.87
1133,-38967497.22,0,0,0,-21403150.66
1134,34735545.51,31261990.95,22578104.58,6947109.101,38043390.42
1135,-3316437.195,0,0,0,27945553.76
1136,18974408.25,17076967.42,12333365.36,3794881.65,41552512.83
1137,48338843.91,43504959.52,31420248.54,9667768.782,72362920.44
1138,-4293845.57,0,0,0,51544479.31
1139,12119254.53,10907329.08,7877515.444,2423850.906,47334384.72
1140,53883481.1,48495132.99,35024262.72,10776696.22,74458578.96
1141,61050490.38,54945441.35,39682818.75,12210098.08,117423138.8
1142,-91550930.64,0,0,0,842624.331
1143,20213468.37,18192121.53,13138754.44,4042693.674,70672983.34
1144,35049450.54,31544505.49,22782142.85,7009890.108,65451670.15
1145,17601207.69,15841086.92,11440785,3520241.538,62284467.61
1146,50947225.17,45852502.65,33115696.36,10189445.03,93613148.61
1147,45777638.04,41199874.23,29755464.72,9155527.608,110080815.8
1148,46804395.37,42123955.83,30422856.99,9360879.074,124640207.5
1149,22073869.83,19866482.85,14348015.39,4414773.966,104142735.4
1150,-4770755.589,0,0,0,54674111.86
1151,45966269.51,41369642.56,29878075.18,9193253.903,69675163.98
1152,24812098.02,22330888.22,16127863.71,4962419.604,70596514.55
1153,34874783.55,31387305.2,22668609.31,6974956.71,87083746.95
1154,-94592953,0,0,0,-37884530.19
1155,11105511.59,9994960.435,7218582.536,2221102.319,38736540.51
1156,-93547727,0,0,0,-76577809.86
1157,5421325.286,4879192.758,3523861.436,1084265.057,12639907.82
1158,-92502501,0,0,0,-85402205.92
1159,28541343.13,25687208.82,18551873.03,5708268.626,32065204.57
1160,15048386.56,13543547.9,9781451.263,3009677.312,41819860.43
1161,9363881.111,8427493,6086522.722,1872776.222,41459302.05
1162,49100735.79,44190662.22,31915478.27,9820147.159,73017948.68
1163,70773242.8,63695918.52,46002607.82,14154648.56,124060105
1164,-427849.1165,0,0,0,97056323.89
1165,45066621.84,40559959.66,29293304.2,9013324.369,100889376.8
1166,75948269.26,68353442.34,49366375.02,15189653.85,130662877.5
1167,59738272.18,53764444.97,38829876.92,11947654.44,157385018.7
1168,23403653.72,21063288.35,15212374.92,4680730.744,135547798.1
1169,48435224.35,43591701.91,31482895.83,9687044.869,123518043.5
1170,45329690.09,40796721.08,29464298.56,9065938.018,116081421.4
1171,34923618.69,31431256.82,22700352.15,6984723.738,111883966.3
1172,10001246.05,9001121.445,6500809.933,2000249.21,80583846.3
1173,21509535.32,19358581.79,13981197.96,4301907.064,62276946.93
1174,41678310.89,37510479.8,27090902.08,8335662.178,74522426.35
1175,13486429.85,12137786.87,8766179.403,2697285.97,66978356.82
1176,34561991.25,31105792.13,22465294.31,6912398.25,78092587.26
1177,16910534.46,15219481.02,10991847.4,3382106.893,65118168.17
1178,31486987.47,28338288.72,20466541.85,6297397.493,71869048.77
1179,94938880.06,85444992.05,61710272.04,18987776.01,141181414.4
1180,46353962.29,41718566.06,30130075.49,9270792.457,155647603.1
1181,58193967.9,52374571.11,37826079.13,11638793.58,167920203.5
1182,48082026.84,43273824.16,31253317.45,9616405.368,149574449.4
1183,31810190.75,28629171.68,20676623.99,6362038.151,122180886.5
1184,37187346.76,33468612.09,24171775.4,7437469.353,108708629.5
1185,21153556.22,19038200.6,13749811.54,4230711.244,84915197.67
1186,-23332007.47,0,0,0,26240006.68
1187,64854143.68,58368729.31,42155193.39,12970828.74,86041424.58
1188,116416925.1,104775232.6,75671001.29,23283385.01,179016365.6
1189,24091175.55,21682058,15659264.11,4818235.11,171021601.5
1190,35947916.64,32353124.98,23366145.82,7189583.329,146271804.7
1191,73838147.24,66454332.52,47994795.71,14767629.45,145133921.3
1192,67054224.5,60348802.05,43585245.92,13410844.9,161692937.9
1193,80632014.94,72568813.45,52410809.71,16126402.99,196165196
1194,63132079.94,56818871.95,41035851.96,12626415.99,194053768.8
1195,117999260.1,106199334.1,76699519.07,23599852.02,240639786.7
1196,61024692.55,54922223.3,39666050.16,12204938.51,224386281.6
1197,90948691.02,81853821.92,59116649.16,18189738.2,235196849.4
1198,47958798.63,43162918.77,31173219.11,9591759.726,193078522.7
1199,72230989.7,65007890.73,46950143.3,14446197.94,186715496.1
1200,-34246255.99,0,0,0,80124592.05
1201,-31383136.33,0,0,0,25158766.7
1202,50877731.38,45789958.24,33070525.39,10175546.28,65323929.32
1203,29252796.07,26327516.46,19014317.44,5850559.213,75042754.3
1204,-31774365.92,0,0,0,27623675.93
1205,75490280.89,67941252.8,49068682.58,15098056.18,104680144.6
1206,-30881768.28,0,0,0,42910043.73
1207,-33863193.83,0,0,0,15205488.75
1208,50146260.37,45131634.34,32595069.24,10029252.07,65244316.55
1209,9487565.84,8538809.256,6166917.796,1897513.168,54619200.18
1210,-24690284.14,0,0,0,16443594.36
1211,50686458.96,45617813.06,32946198.32,10137291.79,66882628.83
1212,75215487.72,67693938.95,48890067.02,15043097.54,122730813.9
1213,32768085.15,29491276.64,21299255.35,6553617.031,133408222.4
1214,68668762.34,61801886.11,44634695.52,13733752.47,157187397.8
1215,-18230835.69,0,0,0,79913403.31
1216,75064016.13,67557614.52,48791610.48,15012803.23,126252328.7
1217,-59055269,0,0,0,22236097.98
1218,-59055269,0,0,0,-10263658.52
1219,118699289,106829360.1,77154537.83,23739857.79,133712092.2
1220,28333043.53,25499739.18,18416478.3,5666608.707,135162403.6
1221,53063177.38,47756859.65,34491065.3,10612635.48,155717454.4
1222,45689549.11,41120594.2,29698206.92,9137909.822,135602744.8
1223,84461029.95,76014926.95,54899669.47,16892205.99,165739298.2
1224,18259183.39,16433265.05,11868469.2,3651836.677,134584952.7
1225,77810833.69,70029750.32,50577041.9,15562166.74,158281678
1226,41989598.1,37790638.29,27293238.76,8397919.619,140780023.6
1227,-56964817,0,0,0,35054699.87
1228,68281740.09,61453566.08,44383131.06,13656348.02,111137145.6
1229,77400744.16,69660669.75,50310483.71,15480148.83,147252229.9
1230,-2730454.716,0,0,0,111313346.1
1231,94468315.52,85021483.96,61404405.08,18893663.1,158435147.2
1232,71141661.91,64027495.72,46242080.24,14228332.38,171643294.7
1233,-26556424.16,0,0,0,98875476.64
1234,74412235.81,66971012.23,48367953.28,14882447.16,139547979.2
1235,101200821.3,91080739.16,65780533.84,20240164.26,182400165.9
1236,53641891.27,48277702.14,34867229.33,10728378.25,193090583.7
1237,64606680.48,58146012.43,41994342.31,12921336.1,193547363.6
1238,66719009.59,60047108.63,43367356.24,13343801.92,179972415.6
1239,53944251.46,48549826.32,35063763.45,10788850.29,166714080.7
1240,77999281.67,70199353.5,50699533.08,15599856.33,182837800.3
1241,59423853.11,53481467.8,38625504.52,11884770.62,178030772
1242,93657626.54,84291863.89,60877457.25,18731525.31,208627477.7
1243,113527939.4,102175145.4,73793160.58,22705587.87,252045164.1
1244,35058967.74,31553070.96,22788329.03,7011793.547,209996341
1245,-39195975,0,0,0,84881781.85
1246,67071923.8,60364731.42,43596750.47,13414384.76,112565840.7
1247,59770966.32,53793869.68,38851128.11,11954193.26,127147491.3
1248,100116214.2,90104592.81,65075539.25,20023242.85,197506834.4
1249,90896932.65,81807239.38,59083006.22,18179386.53,233267038.3
1250,84221369.02,75799232.11,54743889.86,16844273.8,243058340.9
