Year,mesatop_area,drainage_area,cal_per_mt_ha,cal_per_drainage_ha,community_needs
700,76.73729249,3.389133544,1983240,1538250,33447232
701,74.72016465,3.31362561,1924685,1746535,33447232
702,74.25133763,3.420832215,2741025,1599815,33969845
703,72.09845592,3.382598449,1995840,2120650,33969845
704,0,0,0,0,33969845
705,73.16027552,3.303467968,1984010,1758715,33969845
706,71.67436977,0.962377357,1650950,2068885,33969845
707,74.46209635,3.355321803,2432990,1838445,33969845
708,71.38846126,3.377694383,2857260,1925175,33969845
709,76.3326897,3.425741111,2133040,2207485,33969845
710,72.67884845,3.355840738,1967490,2358440,33969845
711,75.2766989,3.387414165,2278955,2057125,33969845
712,73.27104252,3.406837978,2308425,1914115,33969845
713,73.40189046,3.396506441,2340485,1768340,33969845
714,75.40773768,3.377888601,2401525,1886220,33969845
715,74.36439433,3.403029993,1960140,1942955,33969845
716,77.01835568,3.432783833,2446815,1690675,33969845
717,73.27737995,3.404304176,2189285,1594495,33969845
718,76.65063702,3.411546111,2612680,2004590,33969845
719,71.38613401,3.343618431,2116100,2059190,33969845
720,71.21117563,3.284717752,2031155,1938300,33969845
721,76.5069739,3.373126275,1908550,2015895,33969845
722,73.95514928,3.447266747,1829905,1681925,33969845
723,75.76874116,3.447504317,1645630,1590610,33969845
724,75.17269685,3.26656332,2303385,1845865,33969845
725,74.86081898,3.215941845,2148650,2262785,33969845
726,63.19148103,2.633283533,2505300,2012010,33969845
727,63.50945871,2.617070397,1545635,1719655,33969845
728,72.89825334,3.196471678,2449545,2004450,34492458
729,74.03402966,3.339213053,1876105,1683710,34492458
730,73.45568715,3.42415274,1802605,2109975,34492458
731,73.30370838,3.41703609,2027900,1721790,34492458
732,75.78638942,3.413706249,1946280,2109345,34492458
733,73.84913943,3.229715575,1627395,2046800,34492458
734,61.66212252,0.703952198,1952020,1827525,34492458
735,74.97814662,3.391830481,2074100,1786680,34492458
736,73.43070604,0.971047523,2108715,1919645,34492458
737,74.72090463,3.398823424,2174025,1803445,34492458
738,0,0,0,0,34492458
739,74.19391985,3.370937792,2242800,2069690,34492458
740,74.60530441,3.396128793,1617595,1855350,34492458
741,79.63428023,3.334883684,2186800,1804985,34492458
742,75.05718532,0.964821451,1810550,1755775,34492458
743,62.57843529,0.12951281,2202235,2079945,34492458
744,75.44363075,0.948340917,2573375,1951635,34492458
745,76.02620059,3.314833124,2056985,1809150,34492458
746,75.75381802,3.427170686,1585150,1986425,34492458
747,75.62139194,3.424981871,2215500,1917930,34492458
748,75.87671407,0.967482548,2148475,2093315,34492458
749,73.44274114,0.951272427,2087645,1913975,34492458
750,0,0,0,0,34492458
751,0,0,0,0,34492458
752,73.82955883,0.972201502,2394910,2238705,34492458
753,74.29292124,0.965778585,1445850,1775060,34492458
754,75.1482182,3.323927285,1900885,2077565,34492458
755,70.83191149,3.358772767,2269610,1976835,34492458
756,76.37646668,3.411575163,2207030,1572375,34492458
757,73.52749106,3.35139317,2828420,1969765,34492458
758,75.59829578,3.431948547,1932980,1978410,34492458
759,61.46346186,2.616253309,2877350,1795745,34492458
760,74.91372256,3.180339535,2264185,1833335,34492458
761,0,0,0,0,35015071
762,76.94342983,3.357897552,2146935,2119110,35015071
763,74.76009725,3.320043546,2618455,1863365,35015071
764,72.34438916,3.358339766,2028040,2298205,35015071
765,72.17246902,3.308796097,2237200,2194500,35015071
766,76.03356278,3.413679057,2007110,1735300,35015071
767,76.27939533,0.966367952,2048830,1966580,35015071
768,72.89418992,3.2707104,2311470,1895005,35015071
769,75.5868502,0.970605746,1625435,1755565,35015071
770,76.38854304,0.964737763,2009595,1731730,35015071
771,76.01674597,3.508653019,2270450,1837500,35015071
772,77.65348419,3.450995551,2364040,1535135,35015071
773,77.43064846,0.975363667,2794715,1696555,34492458
774,23.33941779,0.017172154,2471560,1981175,34492458
775,74.15458805,0.965218951,1743140,2071195,33969845
776,76.08359114,0.976017313,1935570,2080925,33969845
777,74.07040635,0.977717815,2270695,1666980,33447232
778,49.94110315,0.510326893,1619695,2202620,33447232
779,0,0,0,0,32924619
780,71.90768842,0.964404344,2481535,2205525,32924619
781,76.34759029,0.949816858,1780205,1796935,32402006
782,73.89777557,0.147249637,2308845,2106370,31879393
783,75.61102245,3.346640376,2244095,2312240,31879393
784,74.93405249,3.253378827,1957375,1634570,31356780
785,73.14674217,3.387251273,1907605,2254385,30834167
786,73.96556997,0.954036896,2384550,2146340,30834167
787,72.80382159,0.937142301,2125095,1700405,30311554
788,72.87682861,0.976855354,2023175,2014495,29788941
789,77.23063752,0.96296441,2209060,1892345,29788941
790,24.36464449,0.017190315,1707020,1876910,29266328
791,53.65063244,0.0702338,2694755,1556905,28743715
792,74.3518375,0.936448936,2509815,1950445,28743715
793,74.8868782,0.982175179,2042285,1911735,28221102
794,74.19083358,3.372934264,1885660,2173990,27698489
795,73.55935648,0.967640933,2296210,1982960,27175876
796,25.46900598,0.026587351,2580480,1406965,26653263
797,76.7414485,0.95643919,2931810,1790075,26130650
798,59.3869471,0.132227625,1490475,2203355,25608037
799,80.47572595,0.15029317,2895375,1721510,25085424
800,78.89875877,3.376903219,2728600,1768550,24562811
801,77.04205007,0.948153491,1650075,1916775,24040198
802,78.87372634,0.954388551,2255330,1777230,23517585
803,77.65774214,3.366284166,1842225,2006270,22994972
804,25.79680998,0.026818699,2030875,1803900,22472359
805,75.4383421,0.972908453,2160550,1790670,21949746
806,80.55160861,0.992777681,1862140,1768060,21427133
807,81.07915049,3.372741697,2390080,1966510,20904520
808,0,0,0,0,20381907
809,0,0,0,0,19859294
810,0,0,0,0,19859294
811,81.40235172,0.955700343,3047240,1837150,19336681
812,78.73746827,3.37991802,1664670,2319345,18814068
813,78.7908576,0.958244007,2493050,1996995,18814068
814,77.06844454,3.382899253,2482865,2129400,18291455
815,77.91305267,0.957471899,1902285,2036160,17768842
816,78.80899803,0.96658987,2448320,1948450,17768842
817,26.39508079,0.026224782,2321270,2050790,17246229
818,77.36480692,3.363020923,2563120,1903545,16723616
819,0,0,0,0,16723616
820,80.41482581,3.346211471,1836835,1457505,16201003
821,81.15281636,3.428222876,2032555,1754690,16201003
822,80.2155701,3.435386784,1691235,2179695,15678390
823,61.51559975,0.129236265,1912645,2092895,15155777
824,81.22372212,3.453568136,1676920,1734495,15155777
825,77.5163283,0.969553146,2326205,2272340,15155777
826,79.91637328,3.341549629,1974245,1592430,14633164
827,79.70436627,3.398240607,1572830,1884645,14633164
828,81.67114557,3.378879552,2893485,2017435,14633164
829,79.59139608,3.408060307,2173465,1936830,14110551
830,80.15268941,3.371165131,2296770,1671355,14110551
831,81.84561512,3.38721558,2267055,1875090,13587938
832,82.75758308,3.411162396,1849680,2046695,13587938
833,78.82855171,3.464760466,1386490,2184385,13587938
834,78.4261446,3.374376897,1561490,2222185,13587938
835,78.59095621,3.377597484,2790200,1699145,13065325
836,79.50400306,0.963738943,1566775,2211020,13065325
837,81.44982896,0.968853092,1708455,2289840,13065325
838,78.37454419,3.389756723,2712010,2009175,13065325
839,81.11635146,3.376441726,2259180,2063180,12542712
840,77.37380619,3.458728438,3097955,1854265,12542712
841,77.17310966,0.966594284,2127020,2248435,12542712
842,79.43260501,3.389287855,2853900,1863225,12542712
843,78.70903851,3.338714897,1721090,1705515,12542712
844,77.7051023,3.465969202,1781360,1917055,13065325
845,82.34575419,3.317857147,2381365,1936480,13065325
846,76.55792775,3.351522487,2606765,1940785,13065325
847,77.20047117,0.148420042,2387420,2313920,13587938
848,80.28979033,3.31179215,1959230,1696065,13587938
849,78.89671378,0.963162388,2339015,1909670,13587938
850,78.04096436,3.351430936,2329950,2132200,14110551
851,74.74204413,0.960450124,2634030,1555645,14110551
852,80.63878477,0.942251581,2512650,2008860,14633164
853,83.7824744,0.975607499,2189180,1994440,14633164
854,74.84514134,0.92782966,1764735,1723855,15155777
855,77.97226467,0.968796087,2713025,2112320,15678390
856,78.27232327,0.962860014,2632455,1984150,15678390
857,79.30514212,0.971183235,2028845,2107840,16201003
858,77.91552152,3.358054868,1974770,1990310,16723616
859,73.77640138,0.92878671,2002280,1624070,17246229
860,79.07489983,3.437798728,2090690,1674470,17768842
861,80.57735451,3.399471449,1982365,2153445,17768842
862,80.00932982,3.376118826,2149805,1811600,18291455
863,81.09669635,3.346662287,2503690,2211930,18814068
864,78.14681748,3.367856688,1423030,1791405,19336681
865,0,0,0,0,20381907
866,78.39815983,3.39402178,2007005,2109275,20904520
867,79.4007159,0.149879901,2842875,2261420,21427133
868,68.98493035,2.623856549,2456510,1949255,22472359
869,82.11114273,0.94966111,1950935,2055445,22994972
870,78.28340853,3.303599204,2769270,1623230,24040198
871,78.93749344,0.97214021,1810795,1706075,25085424
872,77.74421611,0.973141148,2017575,2113965,26130650
873,78.71068819,3.447148503,3259620,1780625,26653263
874,78.32615004,3.350013168,1990940,1986285,27698489
875,79.76638149,0.955287831,2340555,2006235,28743715
876,79.66180715,3.344979665,2697870,1889755,29788941
877,77.74261745,3.349668829,2159010,1842330,30834167
878,81.2203,0.967630265,2085125,1643705,31879393
879,78.30753981,3.409394188,2264045,1776425,32402006
880,77.44287182,3.395042152,1506505,1637615,33447232
881,74.88640447,3.420284632,2253300,2071615,34492458
882,59.29810101,2.464700958,2577575,1855840,35015071
883,74.03433425,0.988694732,2010330,1888075,36060297
884,75.97632195,0.144788978,2626540,2105460,36582910
885,76.19625883,3.456708179,1969975,1904700,37628136
886,48.94795689,0.500665445,3401335,1969590,38673362
887,76.01780762,3.367877707,2362500,1719865,39718588
888,76.28587026,3.432176406,2642220,2107980,40763814
889,74.73971197,0.959023388,2499770,1809430,41809040
890,81.56865008,3.40064625,2127335,1815205,42854266
891,75.96902566,3.387746754,1926050,2190370,43899492
892,76.33526777,3.33904801,2234785,2031855,44944718
893,60.60915533,2.709767036,2288580,1929620,45989944
894,75.81324321,3.395907769,2483845,1981175,47035170
895,78.63390581,3.452415178,2030035,2083760,48080396
896,60.20820078,2.594775198,2242310,1692250,49125622
897,61.14173737,0.696547739,2383920,2082920,50170848
898,76.93506054,0.97478694,2123415,1801135,50693461
899,76.87769302,3.410787282,2481815,1965075,51738687
900,59.9075832,0.713611941,1993390,1768060,52783913
901,71.87580384,0.948632864,1886360,2087680,53829139
902,76.18660714,3.398790883,2695665,1995805,54351752
903,13.88821532,0.016458549,2124150,1927205,55396978
904,75.53064403,0.947327174,1846180,1654380,56442204
905,78.96772915,0.967603575,2176615,2073820,56964817
906,81.74745166,0.970116704,1849540,1854895,58010043
907,78.91295712,0.148954983,2240840,2112635,58532656
908,74.4539251,0.970799412,1934695,1904770,59577882
909,76.31192671,0.96586465,1889720,1885275,60623108
910,0,0,0,0,61145721
911,72.31481214,3.384067999,1794065,1776320,62190947
912,75.22822002,3.441619006,2183860,2254840,62713560
913,76.74833819,3.390676256,1896475,1932420,63758786
914,77.25364682,3.430750921,1382430,1978200,64281399
915,76.50132447,3.443943929,2209060,1662570,65326625
916,70.52571418,3.205848392,1975190,1753045,65849238
917,72.16613908,3.189237678,2340905,1857275,66371851
918,75.78543249,3.378444139,1736210,2219805,67417077
919,78.71697844,3.427615065,2074835,2194885,67939690
920,73.12459334,0.97604296,1935850,1836555,68462303
921,74.89410199,3.371772304,2122680,2008580,68984916
922,71.60056997,0.96873943,2367680,1860460,69507529
923,26.89123036,0.026465619,1637160,1845795,70030142
924,0,0,0,0,70552755
925,73.47475432,3.461890265,1962135,2093140,71075368
926,72.53248957,3.482501675,2251970,1908900,71597981
927,73.61059287,0.968255385,2638860,1942360,72120594
928,73.10256809,3.360950435,2069795,1692180,72643207
929,75.65207133,3.477271307,1890735,1584450,73165820
930,71.6846828,0.953796018,2531270,1887025,73688433
931,72.14907267,3.366143885,1399860,1841315,74211046
932,75.08128597,0.977298102,2401105,1919050,74733659
933,72.94883277,3.404602083,2415385,2007250,74733659
934,74.38489609,0.977426676,2006900,2043055,75256272
935,74.9866889,1.000419134,2928625,2138010,75778885
936,73.65397243,3.436818068,2472050,2136155,76301498
937,74.33811187,3.378004194,1873340,1942920,76824111
938,73.63158788,3.50681892,2134475,1784090,77346724
939,74.82171288,0.964115149,2055900,2035495,77346724
940,74.62930047,3.43905787,1368150,2046695,77346724
941,71.75922565,3.400522303,2477300,1740270,77346724
942,71.70211667,3.394440015,1728265,2083410,77346724
943,72.36372967,0.962550591,1907850,2253615,77346724
944,0,0,0,0,77346724
945,74.32375644,3.354892189,1744750,1722700,77346724
946,72.61250354,3.392568184,2186520,1666455,77346724
947,72.93463447,3.435477036,2436560,2298205,77346724
948,76.81203703,0.961604194,2409155,1856960,77346724
949,75.08891872,3.42336888,2075220,1536150,77346724
950,73.75797802,3.345710137,1986390,2303385,77869337
951,72.04870306,0.955199753,1477245,1901235,78391950
952,75.06427044,0.954673746,2023525,1893465,78914563
953,73.70132388,3.440810943,2019955,1939700,79437176
954,0,0,0,0,79959789
955,74.46555782,0.937998654,2113860,2145290,81005015
956,75.3250409,3.360514958,2389730,1596805,82050241
957,78.29806008,0.983134947,1847020,1964655,83095467
958,71.77655087,0.955590753,1909670,1826755,84663306
959,75.2942471,3.405951364,1529920,2015020,85708532
960,73.10017743,3.365638821,2039135,1913975,87276371
961,75.14083724,0.974510243,2639140,1921675,88321597
962,69.63179599,3.381947395,2174165,1889720,89889436
963,74.09209394,0.947532225,1772295,2309405,91457275
964,74.13504401,3.36892099,2660210,1978865,93025114
965,75.26259638,0.977790449,2090340,2168180,94070340
966,73.17034567,3.368996112,1517005,1969835,95638179
967,70.83870976,0.951236658,1604785,2188480,97206018
968,55.48619695,0.1329859,1809325,1980965,98773857
969,76.10670807,0.965550653,2141580,1795465,100341696
970,75.50199872,0.971495909,2409750,1900255,101909535
971,73.22394426,3.453705524,1889510,2142140,103477374
972,73.06500689,0.94586117,1898960,1600760,104522600
973,75.10207442,3.350065825,2520910,1881880,106090439
974,73.3789966,0.965490744,1630755,2010365,108180891
975,0,0,0,0,110271343
976,69.08908837,0.924827215,2454340,2079805,112361795
977,57.1997186,0.722291894,1783705,1823710,114452247
978,74.91352381,0.939820438,2272795,2360995,116542699
979,73.34812977,0.94867697,2160445,1720040,119155764
980,0,0,0,0,121768829
981,0,0,0,0,123859281
982,62.34099393,3.240597587,2397710,1548085,126472346
983,63.36874255,3.394967302,2778475,1595720,129085411
984,67.68760607,0.969724392,2267825,1659875,131175863
985,61.09307036,0.762528134,2542995,2264675,133788928
986,67.97996207,3.428895906,2242310,1778000,135879380
987,67.86201991,3.417407147,2915360,1876385,137969832
988,67.53119419,3.368223051,2066015,1895845,139537671
989,69.34671542,3.366727563,1923705,1643145,141105510
990,8.212329141,0.593394887,2294425,1929025,142673349
991,67.89546075,0.956192332,1580355,1693755,144241188
992,56.12091191,2.604316226,1775900,2195760,145809027
993,67.29571626,0.958800627,2096920,2050475,146854253
994,68.60106472,3.443804978,2433795,1772050,148422092
995,67.57427636,0.146677863,2529310,1890490,149467318
996,69.57077216,3.411194869,2730140,2087365,151035157
997,65.59135359,3.43062795,1877470,1682345,152080383
998,67.45377115,0.976100488,1746325,1886885,153648222
999,62.17419452,0.965957418,2523535,2185925,154693448
1000,70.04007385,3.455038289,2419655,1767990,156261287
1001,50.65284163,0.133164266,2832095,2034865,157306513
1002,69.08833725,0.952225724,2092265,1930040,158351739
1003,66.63790977,3.411768627,1972775,1848175,159396965
1004,67.15328597,0.955925971,2421650,1870190,160442191
1005,0,0,0,0,161487417
1006,64.74481556,3.432642107,1217335,1920800,162010030
1007,68.19199344,3.306707896,2838990,1913730,163055256
1008,16.86295566,0.01699623,2312065,1724835,163577869
1009,67.77886865,3.477697269,2314025,2049600,164100482
1010,66.19004336,3.388458953,2028705,1496460,164623095
1011,64.257827,3.178758048,1960700,1488655,165145708
1012,64.96394436,0.962971605,2664165,1900640,165145708
1013,69.7719805,3.359510525,2254420,2011030,165145708
1014,65.38376849,0.966018563,2111130,2082745,165145708
1015,67.07796901,3.430344475,1916495,1883805,164623095
1016,62.2639969,3.238166987,1971165,1753185,164623095
1017,67.38313636,3.34616975,2572220,1815975,164100482
1018,68.60788334,3.268705694,1891820,1792280,163577869
1019,68.21073286,3.368649528,1857555,1750000,163577869
1020,69.96299362,3.481507766,2504460,1931825,163055256
1021,71.25845276,0.94770849,2139725,1950585,162532643
1022,68.96702214,3.35378067,2208815,2013690,162010030
1023,66.57376832,3.362507641,1367275,1893780,161487417
1024,68.82872923,3.366668694,2375450,2289000,160964804
1025,68.34480118,0.988037015,1881320,2146305,160964804
1026,69.83688603,3.382065396,1520470,1868090,160442191
1027,71.13318471,3.292179688,2591120,1834210,160442191
1028,68.68376981,3.363836945,2328935,2067975,160442191
1029,71.47431194,3.422255422,2058910,1592465,159919578
1030,68.39615303,0.985190875,1874215,1908550,159919578
1031,17.69926712,0.017387273,2204545,1839915,159919578
1032,68.10989957,0.979222621,2063320,1842855,159396965
1033,64.74882446,0.975727158,1779085,1927310,159396965
1034,69.47956397,3.425393844,2119320,2227435,158874352
1035,0,0,0,0,158874352
1036,52.33309492,0.130631288,3020255,2180780,158351739
1037,62.07639544,0.934851253,2584330,1880340,157829126
1038,69.34386604,0.937997621,2006620,1725920,157829126
1039,67.82709577,0.95301845,2470440,1977675,157306513
1040,67.88373501,3.398324017,2112425,2178120,157306513
1041,70.17940544,0.97714161,1666560,1718255,156783900
1042,69.02692791,3.438057022,1998115,1608950,156261287
1043,0,0,0,0,156261287
1044,69.12026709,0.971850433,1932560,2182425,155738674
1045,68.00317303,3.307689374,2460465,2079140,155738674
1046,3.087607206,0,1530515,0,155216061
1047,68.73293752,3.462839503,2290225,1745975,154693448
1048,69.96964378,0.144719099,2315740,2077600,154693448
1049,67.55966504,0.987100837,2263695,2131955,154693448
1050,69.82209073,3.429516114,2401070,2004975,154170835
1051,67.99663605,3.391435092,2173885,1910440,154170835
1052,63.61085079,3.198003061,1644475,1798755,153648222
1053,71.78860032,3.385639196,2454795,2073050,153648222
1054,68.72798246,3.354768956,2304540,2162860,153125609
1055,63.86977708,3.407335728,2470860,1804460,153125609
1056,66.90180501,3.371003639,1867180,2016000,152602996
1057,67.94930596,0.966244148,1715700,1822240,152602996
1058,64.41123423,3.245354982,2012710,2044035,152080383
1059,68.46638945,3.403230448,3092180,1631455,151557770
1060,70.8153519,3.391312764,2096990,2405410,151557770
1061,67.68187052,3.475501367,1837185,1943480,151035157
1062,69.97882759,3.445451673,1839215,1578045,150512544
1063,69.16125939,3.417037092,1612450,1837955,149989931
1064,68.61953156,3.355540582,2349515,1665720,149467318
1065,64.01734557,3.235304145,2856910,1864765,148944705
1066,70.42978024,3.448880173,1875090,1788255,148422092
1067,0,0,0,0,147899479
1068,0,0,0,0,147376866
1069,66.75784852,3.397526734,2101120,2081905,146854253
1070,66.72004019,0.965954529,2404465,1971130,146331640
1071,70.42891274,3.385368775,2161075,2189565,145809027
1072,71.4892537,3.343929381,2382415,2045505,145286414
1073,68.20687586,3.439602864,1768760,2333940,144241188
1074,69.42054532,0.98360254,3100335,1958145,143718575
1075,69.79843981,3.439992369,1564045,1764350,143195962
1076,67.51737938,3.434595251,1456490,1953315,142150736
1077,67.72230763,3.360369521,1824340,2068815,141628123
1078,69.71504395,3.355152831,2107945,1826090,140582897
1079,71.05018736,3.370598642,2268700,1664600,140060284
1080,72.67721369,3.430539306,2168775,1983030,139015058
1081,68.41085406,3.365828089,2250395,1815240,138492445
1082,69.62782981,3.404336859,1983135,1860040,137447219
1083,67.965871,3.385629153,2343705,1912050,136401993
1084,67.48437521,3.412492867,1818250,2217145,135356767
1085,70.77044009,0.968882061,2754115,2268140,134311541
1086,69.92885297,3.428316513,2534280,2027025,133266315
1087,71.28296056,3.421717801,2028530,1944040,131698476
1088,68.43720386,3.374702542,2059645,1840685,130653250
1089,67.44778296,3.433553931,2208395,2142210,129085411
1090,73.37212845,0.973222521,2009245,2057755,128040185
1091,0,0,0,0,126472346
1092,69.18607154,0.97271732,2274580,1702155,125427120
1093,71.9997881,0.952361621,2536135,2398585,123859281
1094,0,0,0,0,122814055
1095,70.20497451,3.467745594,2236535,2243465,121246216
1096,62.89822064,3.25928062,2018240,1801240,120200990
1097,70.16163806,3.461926722,2054815,1604295,119155764
1098,13.99651604,0.01711664,1648640,2070635,118110538
1099,52.55717263,0.128636951,2792055,1619485,117065312
1100,74.8199776,0.964479335,2732065,1863890,116020086
1101,75.49168149,3.394610416,1101975,2244585,114974860
1102,67.73458854,3.179969625,1996190,1416660,113929634
1103,69.89073353,0.916564703,2221835,1849610,112884408
1104,73.2945743,3.418582553,2141055,2137730,111839182
1105,75.76250007,3.365323865,1988350,1663025,110271343
1106,70.17517608,0.94644671,2996070,1684830,109226117
1107,75.32859061,3.394628195,2186345,1864450,107658278
1108,75.43611022,0.976941268,2012360,1856890,106613052
1109,71.17931778,3.440269497,2015755,1560615,105045213
1110,75.48686146,3.515658279,2316965,2312625,103999987
1111,74.38691704,0.966982943,2098425,2138605,102954761
1112,73.89085351,3.393266389,2305065,2099160,101909535
1113,71.56609625,0.951401872,2592380,1852620,100341696
1114,25.43426039,1.542869578,2270100,1789620,99819083
1115,58.24174249,2.632105418,2143330,2112355,98773857
1116,72.81642419,3.433395473,2373280,1790985,97728631
1117,68.26703966,3.174093646,2089535,1949045,97206018
1118,17.52121185,0.812448048,2031925,1821680,96160792
1119,56.6022704,0.708264329,2350530,2205945,95638179
1120,56.27836219,2.658826031,1979285,1896545,95115566
1121,10.9187234,0.060414951,2291170,1867460,95115566
1122,76.91386873,3.482898128,1788080,2169510,94592953
1123,74.23973092,3.465464361,1875405,1623125,94070340
1124,74.18280245,3.454974129,2072980,1754830,94070340
1125,75.89056366,3.446565471,2077075,1898715,93547727
1126,0,0,0,0,93547727
1127,76.90696796,0.947348652,2261035,2078300,93025114
1128,75.00269497,3.481935573,1675625,2342795,93025114
1129,76.55635758,3.435519951,2170875,1972005,93025114
1130,76.58319502,0.968861309,2084145,2019500,92502501
1131,74.55584012,3.468895888,1866515,1901515,92502501
1132,0,0,0,0,92502501
1133,44.71289078,0.522670336,1612380,2107770,91979888
1134,71.85931692,0.977775735,2252950,1656795,91979888
1135,74.2252473,0.960685874,1556520,2133635,91457275
1136,73.75555122,0.972124055,2035635,1814680,91457275
1137,71.3140197,0.953648596,2645860,1858255,91457275
1138,44.7829778,0.043947028,2659720,1675660,91457275
1139,76.68036306,0.985800079,1721510,2077565,91457275
1140,75.59255115,0.933359377,2637145,1981350,91979888
1141,75.74895884,3.422789607,2477230,2039205,91979888
1142,0.66782093,0,1888810,0,92502501
1143,73.45430412,3.375425842,1982610,1709015,93025114
1144,73.35447437,3.347111287,2382380,1809535,93025114
1145,74.53946781,3.490630043,2028005,2118935,93547727
1146,73.13068007,0.147743568,2762375,2352245,94070340
1147,74.0823769,3.376841816,2336320,2011310,94070340
1148,77.02890743,0.981831847,2410240,1559145,94592953
1149,76.03292518,0.949054037,1975995,2002875,94592953
1150,45.85022712,0.524439037,2612925,1801590,95115566
1151,76.6991958,0.980413649,2524830,1800400,95115566
1152,75.00161618,0.978656169,2017750,1907710,95115566
1153,73.55421861,0.978000026,2443420,2004380,95115566
1154,0,0,0,0,94592953
1155,76.71081632,3.442756559,1967805,1739185,94070340
1156,0,0,0,0,93547727
1157,76.92274761,3.389292043,1586865,1879640,93547727
1158,0,0,0,0,92502501
1159,75.402581,3.38720352,1992340,2117500,91979888
1160,72.8925102,3.428673308,1814645,2133530,91457275
1161,77.25353143,0.960725931,1738100,1628970,90934662
1162,74.00296921,0.8992884,2388785,1904840,90412049
1163,75.86906726,3.377663928,2860620,2010610,89366823
1164,75.41673052,3.289497122,1498945,1548960,88844210
1165,74.12270021,3.403853907,2324560,1919750,87798984
1166,73.80062653,0.961313038,2921800,1768305,87276371
1167,75.36608048,3.380018773,2441390,1813630,86753758
1168,72.69340312,3.411180418,1927380,1882895,85708532
1169,74.45790665,0.971523285,2315320,2101995,85185919
1170,74.10476047,3.418962591,2308215,1884015,84663306
1171,76.59857188,3.395485474,1972600,1711710,83618080
1172,76.02972662,0.973571053,1714510,2099125,83095467
1173,76.69303262,3.454999192,1647205,1972425,82572854
1174,76.76751379,0.958078058,2056250,1853565,81527628
1175,74.98513967,0.975895614,1645280,1883210,81005015
1176,77.70516649,3.420718799,1877295,1991465,79959789
1177,73.93494231,0.961282826,1722630,1772015,78914563
1178,73.66475711,3.443156953,1874355,2001230,77869337
1179,73.38915031,0.948384539,3039820,1758645,76824111
1180,74.50938947,3.371122958,2073540,1749965,75778885
1181,74.22165365,0.968395152,2376290,1976205,74733659
1182,78.4148776,0.146916757,2004590,2087645,73688433
1183,75.91427605,3.417207392,1816255,1599920,72643207
1184,75.99664219,3.379382954,1799175,2091215,71597981
1185,75.49106001,0.963147924,1583225,2260580,70552755
1186,27.47480116,0.026502754,2122260,2095310,69507529
1187,74.62208211,3.388954886,2155895,1845725,68462303
1188,80.706557,0.956165934,3211845,1838515,67939690
1189,75.48942435,0.981745829,1632960,1642445,66894464
1190,79.10758765,3.395562607,1671705,2056145,66371851
1191,75.19644025,3.503476741,2463615,1802395,65849238
1192,76.28270265,3.356783711,2290260,2150295,65326625
1193,75.99025136,0.979462131,2418885,1984885,64804012
1194,73.71928901,3.390696065,2311015,1855805,64281399
1195,75.90230582,3.486854258,2869545,1700475,63758786
1196,76.64971886,0.945517751,2149805,1578640,63236173
1197,79.55966598,3.403054745,2467430,1915480,62713560
1198,73.6391647,3.384058072,1825110,2122540,62190947
1199,73.8542265,0.954395681,2379090,1905365,62190947
1200,16.15934907,0.138438814,2195935,1964480,61668334
1201,17.14599094,0.797689912,2313150,1712130,61145721
1202,77.80846408,3.277529753,1899660,1631280,60623108
1203,63.09760766,3.048305451,1844990,1659070,60623108
1204,16.10387809,0.144491412,2262190,1599325,60100495
1205,79.27548166,3.366943742,2233385,1878065,59577882
1206,17.89171522,0.185750574,2151870,1962485,59577882
1207,16.15466427,0.144878458,2113790,1570800,59055269
1208,72.82575132,0.959356303,2013550,1955485,58532656
1209,63.54294148,2.683125878,1287685,1911000,58532656
1210,17.05993337,0.807187447,2485805,1675275,58010043
1211,77.30258888,3.239687008,1738485,1903475,58010043
1212,75.74608045,3.415309385,2171155,1650355,58010043
1213,75.04277281,3.39542343,1470175,1975120,58010043
1214,76.32337502,3.417968283,2097305,2430435,58010043
1215,25.0265213,0.026178794,2108715,1987265,58532656
1216,77.58931452,0.960780424,2266810,2088975,58532656
1217,0,0,0,0,59055269
1218,0,0,0,0,59055269
1219,72.90972951,3.376409326,2944480,2299745,59055269
1220,77.88972241,3.390943586,1381835,1850730,59055269
1221,74.89614591,0.958509232,1949430,2136575,59055269
1222,74.83103114,3.366956072,1763895,1696415,59055269
1223,79.77673777,3.404053236,2229955,1903860,59055269
1224,75.64569083,0.976566399,1271515,2275700,58532656
1225,79.21522645,0.979271476,2327990,1824620,58532656
1226,75.05869493,0.964899623,1829275,2057090,58010043
1227,0,0,0,0,56964817
1228,74.61790431,3.449320824,2159815,2018695,56442204
1229,74.24808777,0.971398093,2353750,1781500,55396978
1230,37.75628607,1.294224897,1902705,1718010,54874365
1231,77.14191667,3.474758166,2481045,1877575,53829139
1232,77.772921,0.967686351,2175705,1601460,52783913
1233,25.44935735,0.016975718,1436610,1942115,52261300
1234,73.52214095,0.932979185,2157505,1836800,51216074
1235,79.49086368,0.972393397,2523920,1970150,50170848
1236,76.42851069,0.145871999,1895845,1940330,49125622
1237,74.14305541,0.961050809,1966055,1674085,48080396
1238,74.89154598,3.39927435,1850555,2023140,47035170
1239,77.43588815,0.965959187,1754095,1948275,45989944
1240,74.28908154,0.942767057,2231880,2169685,44944718
1241,76.39319697,3.299821446,1734635,1714055,43899492
1242,70.86968533,0.939198509,2768185,1749895,42331653
1243,74.06271707,0.9766679,2890615,2011275,41286427
1244,76.39735141,0.952775772,1336265,2126285,40241201
1245,0,0,0,0,39195975
1246,76.31511346,0.963122865,1909040,2117045,38150749
1247,59.24215276,0.126908628,2228555,2213610,37105523
1248,76.71296072,0.961807237,2406390,1889125,35537684
1249,75.92364893,0.958172045,2055200,1882055,34492458
1250,79.46111866,0.956036948,1953000,1582315,33447232
